Measured Depth m,Weight on Bit kkgf,Average Standpipe Pressure kPa,Average Surface Torque kN.m,Rate of Penetration m/h,Average Rotary Speed rpm,Mud Flow In L/min,Mud Density In g/cm3,Diameter mm,Average Hookload kkgf,Hole Depth (TVD) m,USROP Gamma gAPI
2828.239,14.84706846,19732.00073,15.60000064,4.689999967,99.18,2774.260011,1.380000024,215.9,136.9478903,2530.261538,19.07
2829.001,14.84706846,19732.00073,15.60000064,4.689999967,99.18,2774.260011,1.380000024,215.9,136.9478903,2530.261538,19.07
2830.028,14.84706846,19732.00073,15.60000064,4.689999967,99.18,2774.260011,1.380000024,215.9,136.9478903,2530.654121,19.07
2831.095,14.84706846,19732.00073,15.60000064,4.689999967,99.18,2774.260011,1.380000024,215.9,136.9478903,2531.569435,19.07
2832.01,14.84706846,19732.00073,15.60000064,4.689999967,99.18,2774.260011,1.380000024,215.9,136.9478903,2532.354295,19.07
2833.116,14.84706846,19732.00073,15.60000064,4.689999967,99.18,2774.260011,1.380000024,215.9,136.9478903,2533.26961,19.07
2834.03,14.84706846,19732.00073,15.60000064,4.689999967,99.18,2774.260011,1.380000024,215.9,136.9478903,2534.05447,19.07
2835.058,14.84706846,19732.00073,15.60000064,4.689999967,99.18,2774.260011,1.380000024,215.9,136.9478903,2534.970089,19.07
2836.012,14.84706846,19732.00073,15.60000064,4.689999967,99.18,2774.260011,1.380000024,215.9,136.9478903,2535.754644,19.07
2837.039,14.84706846,19732.00073,15.60000064,4.689999967,99.18,2774.260011,1.380000024,215.9,136.9478903,2536.670263,19.07
2838.106,14.84706846,19732.00073,15.60000064,4.689999967,99.18,2774.260011,1.380000024,215.9,136.9478903,2537.585882,19.07
2839.02,14.84706846,19732.00073,15.60000064,4.689999967,99.18,2774.260011,1.380000024,215.9,136.9478903,2538.370438,19.07
2840.087,14.84706846,19732.00073,15.60000064,4.689999967,99.18,2774.260011,1.380000024,215.9,136.9478903,2539.286057,19.07
2841.041,14.84706846,19732.00073,15.60000064,4.689999967,99.18,2774.260011,1.380000024,215.9,136.9478903,2540.070917,19.07
2842.068,14.84706846,19732.00073,15.60000064,4.689999967,99.18,2774.260011,1.380000024,215.9,136.9478903,2540.986536,19.07
2843.174,14.84706846,19732.00073,15.60000064,4.689999967,99.18,2774.260011,1.380000024,215.9,136.9478903,2541.902155,19.07
2844.049,14.84706846,19732.00073,15.60000064,4.689999967,99.18,2774.260011,1.380000024,215.9,136.9478903,2542.68671,19.07
2845.003,14.84706846,19732.00073,15.60000064,4.689999967,99.18,2774.260011,1.380000024,215.9,136.9478903,2543.47157,19.07
2846.03,14.84706846,19732.00073,15.60000064,4.689999967,99.18,2774.260011,1.380000024,215.9,136.9478903,2544.38719,19.07
2847.097,14.84706846,19732.00073,15.60000064,4.689999967,99.18,2774.260011,1.380000024,215.9,136.9478903,2545.302809,19.07
2848.012,14.84706846,19732.00073,15.60000064,4.689999967,99.18,2774.260011,1.380000024,215.9,136.9478903,2546.087669,19.07
2849.118,14.84706846,19732.00073,15.60000064,4.689999967,99.18,2774.260011,1.380000024,215.9,136.9478903,2547.037426,19.07
2850.032,14.84706846,19732.00073,15.60000064,4.689999967,99.18,2774.260011,1.380000024,215.9,136.9478903,2547.821981,19.07
2851.099,14.84706846,19732.00073,15.60000064,4.689999967,99.18,2774.260011,1.380000024,215.9,136.9478903,2548.737905,19.07
2852.014,14.84706846,19732.00073,15.60000064,4.689999967,99.18,2774.260011,1.380000024,215.9,136.9478903,2549.522765,19.07
2853.08,14.84706846,19732.00073,15.60000064,4.689999967,99.18,2774.260011,1.380000024,215.9,136.9478903,2550.438384,17.87
2854.147,14.84706846,19732.00073,15.60000064,4.689999967,99.18,2774.260011,1.380000024,215.9,136.9478903,2551.354003,15.55
2855.062,14.84706846,19732.00073,15.60000064,4.689999967,99.18,2774.260011,1.380000024,215.9,136.9478903,2552.138863,20.32
2856.281,14.84706846,19732.00073,15.60000064,4.689999967,99.18,2774.260011,1.380000024,215.9,136.9478903,2553.185242,20.32
2857.043,14.84706846,19732.00073,15.60000064,4.689999967,99.18,2774.260011,1.380000024,215.9,136.9478903,2553.839342,17.87
2858.11,14.84706846,19732.00073,15.60000064,4.689999967,99.18,2774.260011,1.380000024,215.9,136.9478903,2554.755266,17.87
2859.024,14.84706846,19732.00073,15.60000064,4.689999967,99.18,2774.260011,1.380000024,215.9,136.9478903,2555.409062,22.9
2860.243,14.84706846,19732.00073,15.60000064,4.689999967,99.18,2774.260011,1.380000024,215.9,136.9478903,2556.586505,20.32
2861.158,14.84706846,19732.00073,15.60000064,4.689999967,99.18,2774.260011,1.380000024,215.9,136.9478903,2557.371365,20.32
2862.072,14.84706846,19732.00073,15.60000064,4.689999967,99.18,2774.260011,1.380000024,215.9,136.9478903,2558.15653,20.32
2863.139,14.84706846,19732.00073,15.60000064,4.689999967,99.18,2774.260011,1.380000024,215.9,136.9478903,2559.072149,20.32
2864.206,14.84706846,19732.00073,15.60000064,4.689999967,99.18,2774.260011,1.380000024,215.9,136.9478903,2559.988073,20.32
2865.12,14.84706846,19732.00073,15.60000064,4.689999967,99.18,2774.260011,1.380000024,215.9,136.9478903,2560.772933,29.39
2866.034,14.84706846,19732.00073,15.60000064,4.689999967,99.18,2774.260011,1.380000024,215.9,136.9478903,2561.557793,29.94
2867.034,14.84706846,19732.00073,15.60000064,4.689999967,99.18,2774.260011,1.380000024,215.9,136.9478903,2562.41611,39.48
2868.016,14.84706846,19732.00073,15.60000064,4.689999967,99.18,2774.260011,1.380000024,215.9,136.9478903,2563.258577,32.99
2869.015,14.84706846,19732.00073,15.60000064,4.689999967,99.18,2774.260011,1.380000024,215.9,136.9478903,2564.116589,25.62
2870.082,14.84706846,19732.00073,15.60000064,4.689999967,99.18,2774.260011,1.380000024,215.9,136.9478903,2565.032208,19.07
2871.149,14.84706846,19732.00073,15.60000064,4.689999967,99.18,2774.260011,1.380000024,215.9,136.9478903,2565.947827,20.32
2872.063,14.84706846,19732.00073,15.60000064,4.689999967,99.18,2774.260011,1.380000024,215.9,136.9478903,2566.732382,15.55
2873.045,14.84706846,19732.00073,15.60000064,4.689999967,99.18,2774.260011,1.380000024,215.9,136.9478903,2567.57424,17.87
2874.112,14.84706846,19732.00073,15.60000064,4.689999967,99.18,2774.260011,1.380000024,215.9,136.9478903,2568.489554,17.87
2875.151,14.84706846,19732.00073,15.60000064,4.689999967,99.18,2774.260011,1.380000024,215.9,136.9478903,2569.381094,17.87
2877.007,0.887153194,16552.99988,17.5200002,79.1399993,40.040001,1599.130004,1.279999963,215.9,127.9437946,2570.973065,17.87
2880,0.876955984,16650.99945,17.7000013,42.83000192,39.93,1599.130004,1.279999963,215.9,127.9539937,2574.139893,17.87
2881,0.6832099,16661.99951,17.81999932,32.86999898,39.939999,1599.130004,1.279999963,215.9,128.0151742,2575.02002,19.07
2883,0.01019721,16775,17.00999978,74.88999947,39.970001,1599.239989,1.279999963,215.9,127.7092565,2576.780029,20.32
2884.018,0.01019721,16766.00037,16.65000029,67.8300018,39.990002,1599.29004,1.279999963,215.9,127.7398464,2576.983111,20.32
2885.039,0.01019721,16807.00073,16.45000087,57.72999965,40.009998,1599.250001,1.279999963,215.9,127.7908356,2577.858192,20.32
2886.002,0.01019721,16836.99951,16.77000103,46.45999923,39.939999,1599.349974,1.279999963,215.9,127.8520161,2578.68359,22.67
2887.026,0.01019721,16850.99945,16.96999909,46.74000162,40.009998,1599.310057,1.279999963,215.9,127.7398464,2579.56111,20.32
2888.001,0.01019721,16857.00073,17.2000014,46.86000046,39.990002,1599.300048,1.279999963,215.9,127.729655,2581.100098,17.87
2889.029,0.02039442,16850,17.86000002,35.70000084,39.959999,1599.400025,1.279999963,215.9,127.8214259,2581.276829,20.32
2890.001,0.02039442,16855.99976,18.10000013,36.29000098,39.970001,1599.380004,1.279999963,215.9,127.4747262,2582.840088,20.32
2891.001,0.02039442,16855.99976,18.10000013,36.29000098,39.970001,1599.380004,1.279999963,215.9,127.4747262,2582.892878,20.32
2892,0.112168857,17036.00006,18.36000127,34.77999892,40,1599.439942,1.279999963,215.9,127.4033461,2584.570068,19.07
2893,0.02039442,16994.99969,17.95000057,23.25000013,39.990002,1599.430055,1.279999963,215.9,127.5562975,2585.429931,21.59
2894,3.232500624,17219.99969,17.54999902,6.360000082,39.970001,1599.430055,1.279999963,215.9,123.9872907,2586.270019,19.07
2895.015,1.978249682,16791.99981,16.36000032,1.820000119,39.98,1590.910035,1.279999963,215.9,126.2714604,2586.40326,20.32
2896.057,0.01019721,13711.99951,16.21999992,17.23999976,39.970001,1599.130004,1.289999957,215.9,135.2959396,2587.295714,23.92
2897.011,0.01019721,13311.99951,15.97000065,71.06999959,40,1599.130004,1.289999957,215.9,135.5610756,2588.112274,15.21
2898.041,0.01019721,13289.99939,15.31999983,71.59999833,39.959999,1599.130004,1.289999957,215.9,135.6018577,2588.99406,29.35
2899.063,0.01019721,13249.00055,15.1099999,68.87999727,40.029999,1599.130004,1.289999957,215.9,135.5916659,2589.867922,25.11
2900.084,0.01019721,13324.00055,15.15999975,71.58999632,40.02,1599.189942,1.289999957,215.9,135.4489063,2590.741783,8.26
2901.001,0.01019721,13588.00049,14.89000081,63.70000082,39.990002,1599.130004,1.279999963,215.9,135.2755565,2592.310058,12.76
2902.001,0.01019721,13835.00061,15.20000045,45.79000098,39.91,1599.130004,1.279999963,215.9,134.9696384,2593.179932,9.37
2903.001,0.01019721,13811.99951,14.89999997,44.43000045,40,1599.130004,1.279999963,215.9,134.8574691,2594.01001,9.37
2904,0.01019721,13986.99951,15.01000019,37.61999883,39.959999,1599.130004,1.279999963,215.9,134.0111029,2594.879883,6.57
2905,0.01019721,14219.00024,15.02999986,17.71999941,39.970001,1599.130004,1.289999957,215.9,133.236124,2595.719971,9.16
2906,0.01019721,14197.99957,15.41999954,7.150000229,39.98,1599.130004,1.289999957,215.9,133.3278948,2596.570068,5.77
2907,0.01019721,15046.00067,15.22000012,12.89000023,39.970001,1599.140016,1.289999957,215.9,132.2469982,2597.429932,12.76
2908.002,0.01019721,14817.99926,15.62000031,15.66999995,39.990002,1599.130004,1.289999957,215.9,132.5121189,2597.511696,11.86
2909.011,0.01019721,15067.99927,15.3800002,17.790001,39.98,1599.150025,1.289999957,215.9,131.7983205,2598.371842,13.69
2910.035,0.01019721,14741.99982,15.6099998,18.32999992,39.959999,1599.130004,1.279999963,215.9,132.7262662,2599.244484,12.76
2911.044,0.01019721,14347.99957,15.65999965,20.83,39.98,1599.150025,1.279999963,215.9,133.1239547,2600.103106,11.86
2912.001,0.01019721,14152.00043,15.62999947,24.68000042,39.950001,1599.130004,1.279999963,215.9,133.3074963,2601.689941,9.16
2913.001,3.069345716,14149.00055,15.68000068,10.69999973,39.990002,1599.130004,1.279999963,215.9,134.0315014,2602.540039,16.66
2914.001,3.783147246,14152.99988,15.63999998,7.329999869,39.990002,1599.140016,1.289999957,215.9,134.6025402,2603.389893,12.04
2915.013,3.783147246,14152.99988,15.63999998,7.329999869,39.990002,1599.140016,1.289999957,215.9,134.6025402,2603.475108,18.81
2916.037,5.149567045,14455.99975,15.36999968,14.72000023,39.98,1599.140016,1.289999957,215.9,133.9295238,2604.344093,11.86
2917,4.853849314,14542.99927,15.7099995,10.64000046,39.970001,1599.150025,1.289999957,215.9,134.2354415,2605.929932,9.16
2918,5.139369835,14357.00073,15.80000006,11.18999957,39.98,1599.160034,1.289999957,215.9,133.9499223,2606.780029,11.86
2919.07,5.955143012,14775.99945,15.5200006,7.510000118,39.990002,1599.150025,1.289999957,215.9,133.1239547,2606.91569,13.69
2920.005,5.078186574,14763.99994,16.39999966,7.760000126,40,1599.180055,1.289999957,215.9,134.0009111,2607.708475,6.57
2921.075,5.118975415,14857.00073,16.17000006,4.189999951,39.959999,1599.160034,1.289999957,215.9,133.9601141,2608.614646,8.26
2922.008,1.968052018,13222.99957,17.57000005,3.799999817,40,1599.270019,1.289999957,215.9,137.1110488,2609.404078,10.09
2923.002,2.936782892,13930.00031,16.87999854,5.369999928,39.970001,1599.47998,1.289999957,215.9,136.1423062,2611.01001,10.09
2924.001,2.946980102,14192.99926,17.46999899,12.92000017,39.950001,1599.51001,1.289999957,215.9,136.1423062,2611.840088,11.05
2925.001,3.619992338,14675.99945,17.36000012,13.36999988,57.450001,1599.589965,1.289999957,215.9,135.4693053,2612.719971,12.04
2926.001,3.446641128,13957.00073,16.34000065,18.6399995,163.100006,1599.349974,1.289999957,215.9,135.6426551,2613.520019,9.16
2927,2.222981363,12372.00012,17.30999891,4.939999975,151.880005,1466.22998,1.289999957,215.9,136.8663113,2614.370117,5.77
2928,0.92794158,12830.0003,17.61000075,12.05000008,163.119995,1599.130004,1.289999957,215.9,138.1613551,2615.199951,8.26
2929,1.866080825,13267.99927,18.12999896,10.76000022,163.110001,1599.130004,1.289999957,215.9,137.2232182,2616.040039,5.77
2930.195,2.875599632,13966.99981,19.26000001,5.010000343,163.119995,1599.140016,1.289999957,215.9,136.2035021,2616.321818,8.26
2931.018,11.13530123,21021.00067,16.38999915,2.159999947,250.570007,2049.600096,1.289999957,215.9,127.2911768,2617.015543,5.77
2932.002,11.43101896,22875.99945,19.82999943,8.729999609,262.600006,2111.340086,1.289999957,215.9,126.8730894,2617.844599,1.41
2933.045,11.17608962,22977.99988,20.12999856,10.42000009,262.540009,2111.350099,1.289999957,215.9,127.1280183,2618.722118,5.77
2934.005,7.005450206,22782.00073,21.73999983,11.14000048,254.229996,2110.929933,1.289999957,215.9,131.2986541,2619.529838,5.01
2935.001,5.384101969,22333.99963,21.22999942,12.61999986,262.579987,2111.239989,1.289999957,215.9,132.9200146,2621.060058,5.77
2936.001,5.424890356,22475.99945,22.04000031,15.56999964,262.470001,2111.330078,1.289999957,215.9,132.8792171,2621.899902,6.57
2937.001,5.842973701,22636.99951,22.29999874,17.67000002,262.529999,2111.239989,1.289999957,215.9,132.4611297,2622.729981,5.77
2938.001,5.781790894,22682.00073,22.69000113,18.93000024,262.600006,2111.280031,1.289999957,215.9,132.5223261,2623.560059,10.09
2939,5.751199264,22722.99957,22.49999951,20.12999906,262.459991,2111.169921,1.289999957,215.9,132.5529159,2624.389893,16.34
2940,6.811704122,23036.00006,22.52000054,20.00000003,262.640015,2111.169921,1.289999957,215.9,131.4924024,2625.229981,5.01
2941.012,6.617958038,22958.99963,22.53000105,20.1200007,262.470001,2111.300048,1.289999957,215.9,131.6861512,2625.408211,9.16
2942,6.424212407,22861.99951,22.75000014,20.62999908,262.519989,2111.300048,1.289999957,215.9,131.8798996,2626.889892,8.26
2943.021,6.261057499,22861.00006,22.26999991,18.59000011,262.51001,2111.219971,1.289999957,215.9,132.0430581,2627.087964,2.91
2944.011,6.546578021,22688.99994,22.29000094,18.57999992,262.579987,2111.280031,1.299999951,215.9,131.7575385,2627.915496,6.57
2945.017,6.709732475,22903.99933,21.99999961,19.61000051,262.609985,2111.360107,1.299999951,215.9,131.5943804,2628.75522,5.77
2946.014,5.985734188,22572.99957,20.94000081,15.47999952,262.549988,2111.379882,1.299999951,215.9,132.3183701,2629.587019,3.58
2947.047,5.710410877,22644.00025,21.54999957,19.25000001,262.519989,2111.500001,1.299999951,215.9,132.5835062,2630.448384,6.51
2948.001,6.210071903,22763.99994,21.37000118,19.3600005,262.480011,2111.189942,1.299999951,215.9,132.0940315,2631.850098,5.77
2949.025,6.31204355,22725,21.20999975,17.98999978,262.570007,2111.500001,1.299999951,215.9,131.9920689,2632.096133,5.77
2950.001,5.995931398,22666.99982,21.67000031,17.26000013,262.579987,2111.26001,1.299999951,215.9,132.3081788,2633.5,9.37
2951,5.965339768,22611.00006,22.03000115,17.19000067,262.559998,2111.489989,1.299999951,215.9,132.3387691,2634.320069,5.01
2952,5.720608087,22561.00006,22.29000094,16.98999975,262.529999,2111.340086,1.299999951,215.9,132.5835062,2635.139893,6.57
2953,5.679819701,22675,22.23999973,16.73999974,262.589996,2111.290039,1.299999951,215.9,132.6140964,2635.959961,5.77
2954,4.945623751,21739.99939,19.95999932,7.670000002,262.540009,2111.360107,1.299999951,215.9,133.4604631,2636.780029,5.77
2955.036,3.9463017,22516.00037,22.02000064,19.93000027,262.549988,2111.379882,1.299999951,215.9,135.3265453,2637.088452,5.01
2956.039,4.323596658,22630.99975,22.12000035,19.53000056,262.589996,2111.270018,1.299999951,215.9,134.9492399,2637.918727,5.01
2957.029,4.649906019,22647.99957,21.70999965,20.05999961,262.5,2111.419921,1.299999951,215.9,134.6229387,2638.738639,5.01
2958.023,5.037398188,22652.00043,21.91000042,19.8099996,262.48999,2111.320069,1.299999951,215.9,134.2354415,2639.56038,3.58
2959.001,4.813060473,22722.00012,22.04999947,19.62000069,262.609985,2111.590086,1.299999951,215.9,134.4597806,2640.879883,2.91
2960.004,4.547934372,22636.99951,22.15999969,19.93000027,262.540009,2111.290039,1.299999951,215.9,134.7249012,2641.197156,2.91
2961.001,4.670299986,22766.99981,22.09000017,19.82999996,262.540009,2111.370116,1.299999951,215.9,134.6025402,2642.51001,5.77
2962.016,4.70089207,22727.00042,22.12000035,19.93000027,262.559998,2111.389891,1.299999951,215.9,134.5719499,2642.856487,8.26
2963,4.425568305,22699.00055,21.68000082,19.62000069,262.600006,2111.340086,1.299999951,215.9,134.8472777,2644.139893,6.57
2964.025,5.271933112,22782.00073,21.73999983,19.77000039,262.670013,2111.330078,1.299999951,215.9,134.0009111,2644.511246,8.26
2965,5.58804481,22872.00012,21.68999998,19.72999966,262.559998,2111.179933,1.299999951,215.9,133.6848017,2645.770019,8.26
2966,5.312721499,22925,21.65999979,20.03000058,262.540009,2111.22998,1.299999951,215.9,133.9601141,2646.570068,9.16
2967.024,5.414693146,22821.00067,21.83999954,19.71999917,262.630005,2111.320069,1.299999951,215.9,133.8581515,2646.977383,5.77
2968.011,4.853849314,22611.00006,21.20999975,17.95000088,262.51001,2111.320069,1.299999951,215.9,134.4189985,2647.788456,14.65
2969.029,5.210749852,22825.99945,21.2599996,19.82999996,262.619995,2111.31006,1.299999951,215.9,134.0620917,2648.623913,9.16
2970.02,5.067989364,22839.99939,21.67000031,19.93000027,262.519989,2111.290039,1.299999951,215.9,134.2048512,2649.436205,9.37
2971.011,4.966017717,22775,21.46999953,19.82999996,262.579987,2111.370116,1.299999951,215.9,134.3068292,2650.247887,8.26
2972.001,4.894638154,22802.99988,21.9400006,19.70999898,262.480011,2111.44995,1.299999951,215.9,134.3883929,2652,5.77
2973.001,4.894638154,22769.00025,22.07999965,19.70999898,262.519989,2111.370116,1.299999951,215.9,134.3782011,2652.830078,5.01
2974.001,4.711088826,22761.99951,21.81999987,19.67000008,262.5,2111.51001,1.299999951,215.9,134.5617581,2653.659912,5.77
2975,4.456159935,22547.99957,21.67000031,17.06999969,262.600006,2111.47998,1.299999951,215.9,134.8166875,2654.5,8.26
2976.028,4.619314843,22610.00061,21.56999924,19.75000002,262.5,2111.250001,1.299999951,215.9,134.6535289,2654.350495,5.01
2977,4.843652104,22708.99963,21.89999991,20.6800003,262.540009,2111.520018,1.299999951,215.9,134.4291903,2656.159912,2.97
2978,5.322918255,22772.99957,21.45999902,19.79000106,262.5,2111.31006,1.299999951,215.9,133.9499223,2656.969971,5.77
2979.036,5.445284776,22877.99988,21.52000074,20.209999,262.5,2111.469971,1.299999951,215.9,133.8275613,2656.80383,6.57
2980.011,5.384101969,22853.99933,21.63999877,20.22999967,262.519989,2111.44995,1.299999951,215.9,133.8887418,2657.598139,5.77
2981.045,5.129172625,22749.00055,21.45000122,19.97999966,262.640015,2111.409912,1.299999951,215.9,134.1436712,2658.439082,6.57
2982.014,4.741680457,22761.00006,22.37000098,21.37000074,281.170013,2111.500001,1.299999951,215.9,134.5311524,2659.227295,5.77
2983.001,5.363707549,23024.00055,22.80999915,29.4099999,282.51001,2111.290039,1.299999951,215.9,133.9091408,2661.100098,6.57
2984.044,5.547256423,23380.0003,23.38999909,30.65999994,282.48999,2111.340086,1.299999951,215.9,133.7255837,2660.876568,8.26
2985.001,4.996609347,23263.99994,23.20000019,29.59000015,282.549988,2111.409912,1.299999951,215.9,134.2762235,2662.76001,5.77
2986.001,5.200552642,23277.99988,23.47999964,33.29999924,282.529999,2111.100099,1.299999951,215.9,134.0722834,2663.580078,6.57
2987,5.741002507,23611.99951,24.15000013,33.74000181,282.579987,2111.189942,1.299999951,215.9,133.5318349,2664.409912,5.77
2988.107,6.118297466,23842.99926,24.10000027,35.52999864,282.450012,2111.239989,1.299999951,215.9,133.154545,2664.170846,5.01
2989,6.108099802,23819.99969,24.54999896,35.15000143,282.519989,2111.360107,1.299999951,215.9,133.1647367,2666.050049,5.77
2990,6.301845886,23946.00067,24.8500008,34.47999952,282.359985,2111.239989,1.299999951,215.9,132.9709879,2666.870117,6.57
2991.002,6.750521315,23864.99939,24.36000006,34.72000117,282.570007,2111.270018,1.299999951,215.9,132.5223261,2666.513234,6.57
2992.039,7.148210693,23950,24.05999958,32.36000061,282.579987,2111.31006,1.299999951,215.9,132.1246372,2667.35052,8.26
2993.017,6.128494676,22952.00042,23.02000044,15.59000001,282.459991,2111.550048,1.299999951,215.9,133.1443532,2668.140257,8.26
2994.008,5.435087113,22097.00012,21.79000104,9.449999693,282.630005,2111.379882,1.299999951,215.9,133.837753,2668.939442,9.16
2995.001,4.486751566,21508.00019,19.59000067,5.189999983,274.160004,2111.540039,1.299999951,215.9,135.1939774,2670.979981,11.86
2996.001,3.25289459,20946.00067,20.08000006,4.969999915,259.820007,2074.77002,1.299999951,215.9,136.9886724,2671.800049,10.17
2997.001,3.222303414,20164.99939,20.06999954,4.869999912,256.779999,2037.260009,1.320000059,215.9,137.0294698,2672.620117,5.77
2998.001,3.242697834,20791.00036,20.32000017,5.230000106,273.649994,2092.300051,1.340000047,215.9,136.9988795,2673.439942,6.57
2999,2.845008002,18821.00067,20.77000022,4.860000034,272.01001,1975.01001,1.340000047,215.9,137.396568,2674.26001,6.57
3000,3.334471817,21132.00073,20.19000028,4.869999912,280.820007,2089.070068,1.350000042,215.9,136.9070933,2675.080078,8.26
3001,3.303880641,19617.99927,20.20999859,4.860000034,271.980011,1973.630004,1.350000042,215.9,136.9376836,2675.899902,10.09
3002,3.93610449,22313.00049,20.36000087,8.590000092,282.51001,2111.159912,1.350000042,215.9,136.3054643,2682.780029,9.16
3003.018,6.31204355,23652.99988,22.84000069,26.95000086,282.529999,2111.070069,1.340000047,215.9,133.9397306,2676.182405,9.16
3004.057,6.536380811,24092.99927,23.79999979,29.72999967,282.429993,2111.040039,1.340000047,215.9,133.7051848,2677.017252,5.77
3005.014,6.28145192,24082.00073,23.72999891,29.84000016,282.51001,2111.189942,1.350000042,215.9,133.9703208,2677.785958,6.57
3006.011,6.31204355,24133.00018,23.71999975,29.72999967,282.619995,2111.129882,1.350000042,215.9,133.9295238,2678.586362,9.16
3007.001,6.261057499,24194.00024,24.40999991,30.47999939,282.540009,2111.01001,1.350000042,215.9,133.9805126,2686.639893,5.77
3008.001,6.526184054,24189.99939,24.10000027,31.62999912,282.609985,2111.219971,1.350000042,215.9,133.715392,2687.409912,5.77
3009.004,6.964661819,24247.99958,24.88999879,31.81999956,282.329987,2111.320069,1.350000042,215.9,133.276906,2680.990015,8.26
3010.001,6.913676222,24247.99958,24.63999951,31.80999937,282.339996,2111.570069,1.350000042,215.9,133.3380866,2688.939941,8.26
3011.031,6.923872979,24200.99945,25.18000011,31.81999956,282.420013,2111.350099,1.350000042,215.9,133.3278948,2682.617342,6.57
3012.003,6.923872979,24272.00012,23.9400002,31.54000083,282.390015,2111.320069,1.350000042,215.9,133.3177035,2683.397935,5.77
3013.018,7.066633013,24150.99945,22.95999872,31.90999998,282.529999,2111.330078,1.360000036,215.9,133.1749435,2684.212666,9.16
3014,7.066633013,24219.00024,23.50000067,31.72999943,282.540009,2111.290039,1.360000036,215.9,133.1851352,2692,14.12
3015.045,6.842295752,24338.00049,24.1299991,31.54000083,282.410004,2111.360107,1.360000036,215.9,133.3992825,2685.839688,14.12
3016.017,6.679141298,24113.99994,24.3999994,32.4700011,291.269989,2111.469971,1.350000042,215.9,133.5624252,2686.620281,15.21
3017.02,6.424212407,24117.99927,24.53000065,32.29000085,292.269989,2111.44995,1.350000042,215.9,133.8173541,2687.424953,14.12
3018.13,6.301845886,24161.99951,24.36000006,32.1100006,292.25,2111.169921,1.350000042,215.9,133.9397306,2688.315578,15.34
3019.001,6.169283062,23996.00067,24.23999932,32.49000177,292.049988,2111.300048,1.350000042,215.9,134.0722834,2695.800049,13.18
3020.001,6.31204355,24072.00012,24.47999944,32.52000049,291.73999,2111.540039,1.350000042,215.9,133.9295238,2696.560059,9.25
3021.019,6.138691432,24005.0003,24.54000116,31.98999962,292.119995,2111.459963,1.350000042,215.9,134.1130809,2690.634192,6.64
3022.034,6.393620777,23955.00031,24.56999999,32.22999945,292.130005,2111.540039,1.350000042,215.9,133.8581515,2691.448618,11.15
3023.006,6.536380811,24192.99927,24.69000072,32.04000084,291.929993,2111.540039,1.350000042,215.9,133.7051848,2692.228601,11.15
3024,6.342634726,24025,24.92000033,35.68000017,292.440002,2111.570069,1.350000042,215.9,133.8989336,2699.590088,5.07
3025,6.781112945,23997.00012,24.04000126,28.98999983,292.399994,2111.06006,1.350000042,215.9,133.4604631,2700.320068,13.78
3026.048,6.842295752,24391.99982,24.04999906,30.59000019,292.589996,2111.020018,1.350000042,215.9,133.3992825,2694.669134,11.15
3027.024,6.189677483,24044.99969,23.57999935,31.12999911,292.299988,2111.149903,1.350000042,215.9,134.0519003,2695.451556,14.75
3028.002,6.342634726,23932.00074,23.28000022,30.81999983,292.649994,2111.320069,1.350000042,215.9,133.8989336,2696.236416,10.18
3029.066,6.730126895,24155.0003,23.87999983,30.62999909,292.350006,2111.419921,1.350000042,215.9,133.5114364,2697.089856,10.18
3030.017,6.49559197,24100,24.26000035,29.54999912,292.51001,2111.520018,1.350000042,215.9,133.7459822,2697.852466,10.24
3031.017,6.393620777,23997.00012,23.95999851,31.35000039,292.369995,2111.520018,1.350000042,215.9,133.8479443,2698.654394,13.18
3032.001,6.791309702,24202.99988,24.53000065,31.03000063,292.160004,2111.270018,1.350000042,215.9,133.4502559,2705.560059,8.34
3033.001,7.046239046,23971.00067,24.1299991,26.8199997,292.339996,2111.280031,1.350000042,215.9,133.1953265,2706.300049,8.34
3034.001,6.210071903,23464.99939,23.96999903,17.18000018,292.339996,2111.379882,1.350000042,215.9,134.0315014,2707.040039,12.15
3035,6.526184054,23046.00067,21.76000086,14.14000027,292.410004,2111.179933,1.350000042,215.9,133.8785346,2707.780029,0
3036,6.475198004,23936.99951,23.07000029,21.33000001,292.589996,2111.719971,1.350000042,215.9,134.735108,2708.52002,11.15
3037.009,6.454803584,23257.00074,22.92999989,28.46999945,292.630005,2111.360107,1.350000042,215.9,134.7554915,2703.459871,11.15
3047.043,8.657390526,24946.00067,26.37999932,41.83000189,292.570007,2111.56006,1.350000042,215.9,132.5529159,2711.483731,12.15
3048,8.698178913,24955.0003,26.79000138,42.9300004,292.690002,2111.219971,1.350000042,215.9,132.5019271,2717.300049,10.18
3061.999,7.770237332,23733.99963,26.37999932,45.8199997,281.929993,1964.249999,1.350000042,215.9,132.4509384,2727.350098,10.18
3062.021,7.770237332,23733.99963,26.37999932,45.8199997,281.929993,1964.249999,1.350000042,215.9,132.4509384,2723.416956,9.25
3063.002,8.12713787,22272.99957,26.59000061,44.99000156,276.790009,1906.150023,1.350000042,215.9,132.0838397,2724.196939,15.34
3064.002,7.596885668,23763.00049,25.66000034,45.4599992,285.769989,2024.849975,1.350000042,215.9,132.6140964,2724.991553,12.15
3065.069,7.862012223,22249.00055,26.59000061,45.34000005,276.380005,1899.380003,1.350000042,215.9,132.3591676,2725.839202,10.18
3066.001,8.178124374,22180.0003,26.29000149,44.86999906,275.829987,1895.310057,1.350000042,215.9,132.0328509,2730.209961,10.18
3067.001,7.88240619,23596.00067,25.98999965,40.09000019,284.320007,2006.569948,1.350000042,215.9,132.3285773,2730.879883,9.25
3068.001,7.760040576,22647.00012,26.05999917,41.72000109,280.410004,1961.619993,1.350000042,215.9,132.4509384,2731.600098,14.24
3069.001,7.566294492,21775.99945,25.79999939,42.47999947,274.179993,1872.079956,1.350000042,215.9,132.6548785,2732.310059,12.15
3070.098,7.739646156,23486.00006,25.36000121,39.52000041,283.899994,1999.449951,1.360000036,215.9,132.4713369,2729.831472,9.25
3071,7.831420139,23352.00042,25.8500006,38.38000117,284.269989,2004.72998,1.360000036,215.9,132.3897578,2733.689941,12.15
3072,7.92319503,24816.99982,24.92000033,37.040001,292.640015,2111.669921,1.360000036,215.9,132.2877798,2734.399902,12.15
3073.045,7.8926034,24863.99994,25.51999993,34.74999989,292.470001,2111.26001,1.360000036,215.9,132.3285773,2732.168678,8.34
3074.06,8.025166677,24819.00024,25.23999912,35.38000107,292.640015,2110.969971,1.37000003,215.9,132.196009,2732.973046,10.18
3075.103,8.178124374,24703.99933,25.26000015,33.619999,292.579987,2111.219971,1.37000003,215.9,132.0328509,2733.799054,5.84
3076.042,8.178124374,24703.99933,25.26000015,33.619999,292.579987,2111.219971,1.37000003,215.9,132.0328509,2734.542461,6.64
3077.008,3.711767229,11055.00031,7.079999977,7.300000234,139.589996,1363.420045,1.380000024,215.9,137.4883388,2735.307509,5.84
3080.001,9.534346963,24433.99964,24.52000014,30.14999975,292.450012,2111.360107,1.380000024,215.9,131.655561,2739.949951,10.24
3085.999,9.819867031,24803.99933,26.93000043,40.56000148,292.619995,2111.209963,1.380000024,215.9,131.3802331,2744.080078,12.85
3086.1,9.819867031,24803.99933,26.93000043,40.56000148,292.619995,2111.209963,1.380000024,215.9,131.3802331,2742.505666,6.64
3087.005,9.799472611,24833.99964,26.59999977,40.04000079,292.600006,2111.280031,1.380000024,215.9,131.4006316,2743.223165,8.34
3088.063,9.595529317,24941.99982,26.77000036,39.97000134,292.649994,2111.179933,1.380000024,215.9,131.5943804,2744.06167,10.18
3089.023,9.728092594,24907.00073,26.66000014,40.09000019,292.600006,2110.989989,1.380000024,215.9,131.4618122,2744.822755,10.18
3107.131,9.626120493,24875.99945,23.65000023,27.34000008,292.609985,2111.189942,1.390000018,215.9,131.5739819,2759.210534,12.32
3108,8.942911501,24280.0003,24.90999981,24.13999937,292.640015,2111.26001,1.390000018,215.9,132.2469982,2760.889892,9.39
3109,8.840939854,24264.99939,23.65999939,24.13999937,292.559998,2111.209963,1.390000018,215.9,132.3489604,2761.689941,13.36
3110.024,8.606404476,22730.99976,23.95999851,24.23999968,285.049988,2008.630007,1.390000018,215.9,132.5936979,2761.514213,13.36
3111.002,8.657390526,21316.00037,24.20999914,24.23999968,278.809998,1937.469969,1.390000018,215.9,132.5427092,2762.293586,12.32
3112.008,8.596208173,21791.00037,24.5800005,24.13999937,280.470001,1950.250001,1.390000018,215.9,132.5936979,2763.09521,13.36
3113.026,8.626799349,22522.00012,23.850001,23.94000058,286.079987,2033.510009,1.390000018,215.9,132.5732994,2763.906588,14.44
3114.001,8.840939854,24275.99945,25.18000011,22.89999951,292.480011,2111.139891,1.390000018,215.9,132.3591676,2765.659912,10.33
3115.013,8.82054498,24216.00037,24.11000079,23.64999954,292.579987,2111.189942,1.390000018,215.9,132.3795661,2765.491243,12.32
3116.001,8.535024459,23641.99982,22.06999914,15.43000043,292.320007,2109.060057,1.400000012,215.9,132.7670478,2767.26001,13.36
3156,7.637674055,24863.00049,21.70000049,15.9499999,290.940002,2070.949952,1.429999994,215.9,131.1864848,2799.030029,13.36
3157,8.341278828,22088.00049,27.59000041,46.09000007,290.450012,1825.43994,1.429999994,215.9,131.3700418,2799.840088,11.31
3158.045,8.667587736,23019.00024,27.04999981,43.81999963,290.5,1825.680053,1.429999994,215.9,131.0335334,2800.129325,16.74
3159.033,8.800151013,22852.00043,26.399999,41.22999943,290.440002,1825.599976,1.440000108,215.9,130.9009652,2800.931558,16.74
3160.014,8.738967753,22811.99951,26.56999958,45.43999853,290.329987,1825.410036,1.440000108,215.9,130.9621457,2801.728915,16.74
3161.005,8.902122207,22800,27.14999952,44.11999903,290.549988,1825.569947,1.440000108,215.9,130.799003,2802.534197,15.6
3162.001,8.77975614,22730.00031,27.04000066,47.93000025,290.480011,1825.770021,1.440000108,215.9,130.9315554,2803.800049,8.51
3163.001,8.749164963,22792.99927,27.41999982,45.49999993,290.350006,1825.410036,1.440000108,215.9,130.9621457,2804.580078,13.41
3164.001,8.922517081,22636.99951,26.48999955,44.47999953,290.23999,1825.599976,1.440000108,215.9,130.7887958,2805.379883,20.38
3165.001,9.136657131,22572.99957,27.35000029,41.93000037,290.350006,1825.93994,1.440000108,215.9,130.5644572,2806.179932,20.38
3166,8.433053719,22755.0003,28.27000005,42.9300004,290.329987,1825.729979,1.440000108,215.9,131.2680638,2806.949951,20.38
3167.024,8.392263971,22472.99957,28.21999884,43.68000042,290.26001,1825.810059,1.440000108,215.9,131.3088613,2807.4366,25.7
3168,9.259023199,22572.99957,28.51000017,43.43999877,287.769989,1825.589968,1.440000108,215.9,130.4522956,2808.550049,18.09
3182.085,12.75664992,22836.99951,24.20000134,20.07999997,264.059998,1749.540037,1.440000108,215.9,126.9546684,2819.764846,20.72
3183.014,7.739646156,22591.99982,17.96999888,2.020000126,226.779999,1985.880006,1.440000108,215.9,131.9614786,2820.528674,14.49
3184.002,8.249504391,23005.00031,18.11000065,3.409999987,225.179993,2015.280029,1.440000108,215.9,131.4618122,2821.340662,10.37
3185.002,9.371191602,24632.00073,18.51000084,4.539999962,230.880005,2089.850098,1.440000108,215.9,130.3401259,2822.370117,13.41
3197.011,9.106065955,24966.00036,19.39999906,8.620000032,230.949997,2089.969971,1.440000108,215.9,131.553583,2832.074194,10.37
3224.001,7.658068929,24883.99964,22.52000054,11.56999982,290.850006,2089.669924,1.440000108,215.9,132.9913864,2855.550049,46.64
3230.999,8.300490442,23577.99987,23.46999913,14.80000017,282.649994,1980.319947,1.440000108,215.9,132.3489604,2861.389893,36.28
3231.017,8.300490442,23577.99987,23.46999913,14.80000017,282.649994,1980.319947,1.440000108,215.9,132.3489604,2860.573298,36.28
3232.084,8.555419333,22527.00043,23.46999913,14.49999985,278.059998,1924.130003,1.440000108,215.9,132.1042387,2861.479469,36.28
3233.023,7.138013483,23786.99951,22.45000102,8.520000334,286.559998,2034.599977,1.440000108,215.9,133.5216436,2862.27774,46.65
3234.029,5.56765039,23038.00049,20.56999944,12.68999961,279.359985,2020.660035,1.440000108,215.9,135.0919994,2863.133314,46.64
3235.001,5.771593684,22511.99951,21.45000122,4.439999959,280.290009,1968.98999,1.440000108,215.9,134.8880593,2864.73999,28.55
3236.034,4.333793868,21432.00073,19.31999902,1.359999922,280.269989,1951.880003,1.440000108,215.9,136.3258632,2864.841413,30.03
3237,4.384779918,23600,19.70000089,6.199999894,290.029999,2080.090087,1.440000108,215.9,136.3258632,2866.429932,16.74
3241.999,7.586688458,24972.00012,21.75000034,7.699999942,291.190002,2093.620118,1.440000108,215.9,134.0111029,2870.610107,22.97
3242.008,7.586688458,24972.00012,21.75000034,7.699999942,291.190002,2093.620118,1.440000108,215.9,134.0111029,2869.941022,22.97
3243.999,7.678463349,24997.00012,21.91000042,6.880000159,297.23999,2093.629881,1.450000102,215.9,133.9295238,2872.300049,25.7
3244.002,7.678463349,24997.00012,21.91000042,6.880000159,297.23999,2093.629881,1.450000102,215.9,133.9295238,2871.648206,25.7
3258.001,6.159085852,24742.99926,23.28000022,11.18999957,311.200012,2093.709961,1.450000102,215.9,135.4489063,2884.02002,50.24
3259.001,6.220268659,23263.00049,23.50000067,11.36999982,303.48999,1994.810058,1.450000102,215.9,135.3775191,2884.860107,44.83
3260.001,5.58804481,21702.99988,23.79000064,10.28999984,297.390015,1915.079958,1.450000102,215.9,136.0199451,2885.709961,37.92
3261.037,3.90551286,22194.9997,20.57999996,2.269999829,305.160004,2015.55005,1.450000102,215.9,137.7024707,2886.357854,50.36
3262,5.62883365,24580.00031,23.14999898,8.520000334,311.230011,2093.610106,1.450000102,215.9,135.9689559,2887.409912,46.64
3263,5.180158222,22205.00031,23.58999986,9.479999633,300.459991,1954.969971,1.450000102,215.9,136.4278253,2888.26001,39.6
3264,5.282129869,21378.99933,23.42999979,8.920000042,296.910004,1908.060059,1.450000102,215.9,136.3258632,2889.120117,36.28
3265.021,5.496270373,24130.00031,23.04000147,8.249999959,309.369995,2069.899902,1.450000102,215.9,136.1117159,2889.827393,44.83
3266.017,5.700213667,21875,23.03000095,7.659999818,299.170013,1937.499999,1.450000102,215.9,135.9077758,2890.696987,41.23
3267.002,5.414693146,21983.00018,23.31999956,8.790000098,299.399994,1940.839967,1.450000102,215.9,136.193295,2891.556828,39.6
3276.999,3.487429515,24322.99957,21.77000001,7.749999943,303.630005,2093.560059,1.450000102,215.9,138.477465,2900.219971,22.97
3277.018,3.487429515,24322.99957,21.77000001,7.749999943,303.630005,2093.560059,1.450000102,215.9,138.477465,2900.34025,22.97
3278.014,1.835489194,24724.00055,22.15999969,14.5799998,291.130005,2093.459961,1.450000102,215.9,140.7208372,2901.217159,50.61
3279.038,2.814416825,24941.00037,23.08999996,20.07999997,291.089996,2093.21997,1.450000102,215.9,139.7317114,2902.118758,64.43
3293.001,4.486751566,24747.00012,21.05999883,6.349999898,309.220001,2091.71997,1.450000102,215.9,138.0797761,2915.27002,41.23
3294.001,7.076830676,18213.99994,19.79999925,47.06999974,119.980003,1914.48999,1.450000102,215.9,136.2035021,2916.129883,43.04
3295.001,5.791988104,11863.99994,15.41000038,12.36999985,24.16,1468.640016,1.450000102,215.9,138.5896343,2917.070068,68.74
3296.001,9.034685484,20757.00073,23.33000008,13.44999982,129.919998,2089.5,1.450000102,215.9,134.1232722,2917.929932,52.59
3297,7.097225096,20763.00049,22.87000088,18.44000041,129.910004,2089.590089,1.450000102,215.9,135.8669938,2918.820068,107.21
3298,6.128494676,19813.00049,19.17999997,6.929999856,113.720001,2017.030029,1.450000102,215.9,136.835721,2919.709961,115.63
3299,9.595529317,20925,22.01000013,21.96999924,130.059998,2090.03003,1.440000108,215.9,133.3686768,2920.629883,104.47
3300.048,12.16521491,20975,23.23999953,20.64999975,129.979996,2090,1.440000108,215.9,130.799003,2920.489054,97.44
3301.018,13.05236765,21019.9997,23.77000096,14.14000027,129.940002,2090.010009,1.440000108,215.9,129.9016476,2921.330911,56.64
3302.023,12.2161996,20966.99981,24.08999976,17.17,130.020004,2090.03003,1.440000108,215.9,130.7378225,2922.203858,73.19
3303.002,12.61388944,20905.00031,23.76000045,16.78000078,129.850006,2090.020021,1.440000108,215.9,130.3503253,2923.052422,68.74
3304.026,12.8994095,20919.00024,23.4400003,14.68999968,130,2089.969971,1.440000108,215.9,130.0546067,2923.940304,56.64
3305.001,12.54250942,20932.00073,22.86000036,16.46999937,130,2089.94995,1.440000108,215.9,130.4115059,2926.040039,74.18
3306.013,12.80763597,20886.99951,23.22999901,15.89999959,130.029999,2090,1.440000108,215.9,130.1463775,2925.66151,87.34
3307.001,11.86949718,20910.00061,23.31999956,20.73999987,129.910004,2090.070068,1.440000108,215.9,131.0845222,2927.820068,190.11
3308,11.10471006,20925,21.2599996,31.40999997,130.039993,2090.010009,1.440000108,215.9,131.8595011,2928.729981,105.36
3309.012,11.43101896,20974.00055,21.87000108,43.81999963,130.050003,2089.899903,1.440000108,215.9,131.5331999,2928.255053,136.44
3310.04,11.18628728,21028.99933,22.07999965,56.11000076,129.960007,2090.070068,1.440000108,215.9,131.7677303,2929.142021,121.41
3311,12.83822715,21017.99926,22.29000094,56.18000021,130.009995,2090.020021,1.440000108,215.9,130.1259867,2931.419922,152.66
3312.109,10.38071132,21041.00037,22.70999944,60.52000047,130.059998,2090.06006,1.440000108,215.9,132.5835062,2930.927844,155.57
3313.024,11.43101896,21083.00018,22.30999925,62.9000014,130,2089.879882,1.440000108,215.9,131.5331999,2931.716057,162.48
3314.039,12.83822715,21094.00024,22.29000094,67.58999619,130.009995,2089.989992,1.440000108,215.9,130.1259867,2932.590528,165.39
3315.057,11.9918628,21116.00037,22.97999974,63.11999903,129.899994,2090,1.440000108,215.9,130.9723529,2933.466828,155.9
3316.05,12.66487549,21130.00031,23.76000045,66.8799972,130.039993,2089.94995,1.440000108,215.9,130.2993366,2934.321792,155.57
3317.001,11.59417342,21161.99951,23.72999891,50.34999856,130.009995,2090.100098,1.440000108,215.9,131.3700418,2936.830078,143.15
3318.001,11.11490636,21100.99945,22.55999988,49.40000158,130.110001,2090.040039,1.440000108,215.9,131.8391021,2937.75,193.75
3319.001,11.11490636,21092.99927,23.25000004,47.36999883,130.080002,2090.169924,1.450000102,215.9,131.8493093,2938.649902,244.06
3320,10.23795083,21013.99994,22.11000119,26.85000025,129.970001,2090.110107,1.440000108,215.9,132.716059,2939.540039,231.95
3321,8.320883955,18366.00036,20.56999944,19.27000037,130.020004,1935.780029,1.450000102,215.9,134.6433217,2940.439942,256.46
3322,7.994575047,17782.00074,20.06999954,20.22999967,129.990005,1878.520021,1.440000108,215.9,134.9696384,2941.360107,235.95
3323,9.473163703,18350,20.75000055,19.84000015,130.029999,1921.29004,1.450000102,215.9,133.4808461,2942.26001,260.06
3324.045,8.993896644,18186.00006,21.06999934,19.48999983,130.009995,1925.72998,1.450000102,215.9,133.9601141,2941.173696,227.65
3325.063,10.85997747,20314.99939,22.45000102,38.6100005,130.160004,2087.879882,1.450000102,215.9,132.1042387,2942.041766,159.17
3326.029,12.63428431,21033.99963,22.70999944,30.61000055,129.830002,2089.979979,1.450000102,215.9,130.3197351,2942.865031,105.36
3327.044,11.63496181,21100.99945,21.9899991,33.130001,129.889999,2090.03003,1.450000102,215.9,131.3292443,2943.729139,133.37
3328.023,11.71653903,21100,21.68000082,33.11999899,129.970001,2090.03003,1.450000102,215.9,131.2374735,2944.560938,136.44
3329.001,13.58261986,21005.99975,22.18999987,30.90999995,130.039993,2089.929932,1.450000102,215.9,129.3815904,2947.709961,27.94
3330.001,14.53095586,20919.00024,22.81999967,20.47999968,130.050003,2089.989992,1.450000102,215.9,128.4332539,2948.620117,121.41
3331.007,12.70566387,21039.99939,22.72999911,31.0900002,130.029999,2090.189941,1.450000102,215.9,130.2585468,2947.092607,127.32
3332,12.59349547,21072.99957,22.45999882,42.1599997,129.940002,2090.040039,1.450000102,215.9,130.3605171,2950.449951,127.32
3333,12.80763597,21161.99951,22.95000091,33.18000039,130.039993,2089.929932,1.450000102,215.9,130.156577,2951.360107,115.63
3334,12.61388944,21050.99945,22.84000069,36.34000007,129.789993,2090.209962,1.440000108,215.9,130.3503253,2952.280029,130.33
3335.021,12.74645271,21057.00074,23.10000048,36.79999935,130.029999,2089.979979,1.450000102,215.9,130.2177571,2950.485641,121.41
3336.188,13.11355001,21110.00061,22.71999996,34.86999904,129.990005,2090.110107,1.450000102,215.9,129.8506589,2951.469535,116.39
3337.036,12.60369223,21142.99927,22.30999925,35.02000057,129.979996,2089.989992,1.450000102,215.9,130.3503253,2952.183072,121.41
3338.017,13.13394488,21202.00043,22.80999915,32.95000075,129.910004,2090.03003,1.440000108,215.9,129.8200686,2953.00847,96.45
3339.047,7.545900072,10458.99964,5.569999768,3.439999927,54.080002,1133.410035,1.440000108,215.9,114.0552567,2953.874102,133.37
3340.001,11.58397575,20996.00067,23.87999983,43.81000128,129.960007,2089.760009,1.440000108,215.9,132.3285773,2957.75,146.28
3341.041,12.07344002,21099.00055,23.82999998,38.24000165,130.110001,2090.010009,1.440000108,215.9,131.8391021,2955.54593,136.44
3342.001,12.49152382,21088.99994,23.55999968,36.36999879,130.009995,2089.899903,1.440000108,215.9,131.4210306,2959.590088,133.93
3343.19,11.92048233,19575.99945,23.92000053,37.18000021,129.869995,1965.880005,1.440000108,215.9,131.9818622,2957.343946,152.3
3344,11.66555298,18405.99975,24.37000057,41.75000012,130,1940.010011,1.440000108,215.9,132.2469982,2961.429932,125.01
3345,12.01225676,18227.99988,23.97999954,36.74999996,130,1907.579955,1.440000108,215.9,131.8900914,2962.350098,139.55
3346,11.61456784,18724.00055,23.87999983,42.56000124,129.710007,1946.729981,1.440000108,215.9,132.297987,2963.280029,136.44
3347,11.18628728,18469.00025,23.6699999,42.36000062,129.970001,1952.19995,1.440000108,215.9,132.7262662,2964.189941,121.41
3348.027,11.48200501,18633.00019,23.86000016,41.3100015,129.949997,1957.900023,1.440000108,215.9,132.4305394,2961.375535,130.33
3349.054,12.08363769,20946.00067,23.60000038,41.09999857,129.860001,2089.889894,1.440000108,215.9,131.8289108,2962.228975,127.95
3350.057,11.63496181,21011.00006,23.850001,48.81999979,129.940002,2089.969971,1.440000108,215.9,131.5739819,2963.061079,133.37
3351.017,10.625443,21071.00067,23.87000067,46.86000046,130.179993,2089.969971,1.440000108,215.9,131.553583,2963.856607,121.41
3352.001,9.972824275,21091.99982,23.77000096,40.36999891,129.949997,2089.820068,1.440000108,215.9,132.2062008,2965.610107,143.15
3353.001,10.65603417,21127.00043,23.14999898,49.70999903,129.949997,2089.939941,1.440000108,215.9,131.5229927,2966.449951,130.33
3354.019,11.01293517,21141.00036,23.15999949,44.04000092,130.130005,2090.040039,1.440000108,215.9,131.1661012,2966.339203,127.95
3355.001,10.90076586,21113.99994,23.37000077,43.49999987,129.990005,2089.929932,1.440000108,215.9,131.278271,2968.120117,125.01
3356.003,10.58465461,21122.00012,23.42000063,44.04999928,129.949997,2089.919924,1.440000108,215.9,131.5943804,2967.97537,136.97
3357.067,10.625443,21110.00061,23.53000085,42.95000076,129.949997,2090.010009,1.440000108,215.9,131.553583,2968.850755,133.37
3358,10.95175191,21116.99982,24.07999925,41.56000151,130.100006,2089.790039,1.440000108,215.9,131.217075,2970.620117,136.44
3359,10.7274151,21117.99927,23.20999934,40.97999942,129.899994,2089.909911,1.440000108,215.9,131.4414137,2971.459961,121.41
3360.045,10.69682301,21141.99982,22.71999996,33.90000139,129.949997,2089.860107,1.440000108,215.9,131.4822111,2971.295556,124.35
3361.03,10.40110528,21125.99945,22.12999951,36.59999843,129.929993,2089.959962,1.440000108,215.9,131.777922,2972.100838,140.04
3362.014,10.14617594,21135.00061,22.64999908,37.86000048,130.070007,2090.050047,1.440000108,215.9,132.0328509,2972.9049,140.04
3363.053,10.08499359,21086.99951,22.46999933,36.83000173,130.160004,2090.040039,1.440000108,215.9,132.0940315,2973.752244,127.32
3364.001,10.2583457,21099.00055,22.02000064,38.13999951,129.990005,2090,1.440000108,215.9,131.9206816,2975.620117,118.5
3365.096,10.38071132,21083.00018,21.95000112,35.04000094,129.940002,2089.929932,1.440000108,215.9,131.7983205,2975.412794,121.41
3366.001,10.50307738,21072.00012,22.31999977,34.50999824,129.940002,2089.969971,1.440000108,215.9,131.6759595,2977.280029,112.79
3367.001,10.2583457,21102.99988,23.03000095,35.61999907,130.179993,2090.020021,1.440000108,215.9,131.9206816,2978.110107,122.1
3368,10.16657081,21052.99988,22.55999988,37.040001,129.940002,2089.939941,1.440000108,215.9,132.0124679,2978.949951,109.98
3369,9.259023199,20971.00067,22.18000072,31.2399999,129.960007,2089.75,1.450000102,215.9,132.9200146,2979.77002,125.01
3370,10.65603417,21091.99982,23.72999891,49.50999841,130,2089.770021,1.440000108,215.9,131.5229927,2980.600098,118.5
3371.039,10.80899233,21177.00043,23.65999939,47.11999883,129.880005,2089.800047,1.450000102,215.9,131.3700418,2980.211261,109.98
3372.002,10.98234399,21171.00067,23.38999909,44.40000142,129.940002,2089.860107,1.450000102,215.9,131.1966915,2980.983929,110.81
3373.094,10.95175191,21146.00067,23.34999975,41.15000162,129.960007,2089.770021,1.450000102,215.9,131.2272818,2981.85779,113.58
3374.084,10.7376114,21114.99939,22.95999872,43.61000066,130.020004,2089.78003,1.450000102,215.9,131.4414137,2982.649356,112.79
3375.035,10.99254029,21121.00067,23.57999935,43.61999902,129.809998,2089.919924,1.450000102,215.9,131.1864848,2983.408308,121.41
3376.001,11.01293517,21157.00073,23.95000071,45.31000133,130.139999,2089.879882,1.450000102,215.9,131.1661012,2985.560059,125.01
3377.001,10.91096307,21166.00037,23.68000041,44.9700012,129.940002,2089.860107,1.450000102,215.9,131.257872,2986.389893,116.39
3378.001,10.99254029,21139.99939,23.95999851,46.34999844,129.860001,2089.840089,1.450000102,215.9,131.1864848,2987.199951,112.79
3379.001,10.99254029,21133.00018,23.45000081,44.2000008,129.809998,2089.94995,1.450000102,215.9,131.1864848,2988.020019,113.58
3380,9.360995299,21003.99933,21.79000104,22.37000078,116.699997,2089.840089,1.450000102,215.9,133.0423756,2988.840088,102.69
3381.079,11.86949718,21144.00024,23.20999934,56.59999846,130.029999,2089.739992,1.450000102,215.9,131.257872,2988.199154,109.98
3382,12.522115,21275.99945,23.65000023,52.83000193,130.009995,2089.800047,1.440000108,215.9,130.6052542,2990.51001,112.79
3383,12.73625505,21347.00012,23.73999943,53.52000055,129.970001,2089.879882,1.450000102,215.9,130.3911151,2991.310059,110.81
3384.005,12.90960717,21363.00049,24.00000057,52.00999819,129.899994,2089.75,1.450000102,215.9,130.2177571,2990.49887,113.58
3385.051,13.0013816,21369.99969,23.96999903,54.47000119,129.970001,2089.659911,1.450000102,215.9,130.1259867,2991.317563,119.23
3386.026,13.02177648,21377.00042,24.30999885,52.58000193,129.990005,2089.719971,1.450000102,215.9,130.1055878,2992.079563,105.36
3387.047,13.05236765,21380.00031,24.6699997,52.70000077,129.979996,2089.959962,1.450000102,215.9,130.0749975,2992.876006,102.69
3388.004,13.02177648,21355.99976,24.70000124,50.65999998,129.789993,2089.889894,1.450000102,215.9,130.1055878,2993.620937,110.81
3389.071,12.8994095,21328.99933,24.04000126,47.97000129,129.860001,2089.850098,1.450000102,215.9,130.2279565,2994.449383,110.81
3390.019,12.83822715,21366.00036,24.48999995,46.09999843,129.910004,2089.870119,1.450000102,215.9,130.2891371,2995.184561,104.47
3391.001,12.38955172,21336.99951,24.04999906,39.33000181,129.970001,2089.850098,1.450000102,215.9,130.7378225,2997.830078,99.09
3392,12.28758053,21321.00067,24.96999882,41.7999992,129.929993,2090.100098,1.450000102,215.9,130.8397846,2997.76001,107.21
3393,12.37935497,21311.00006,23.87000067,41.6100006,129.949997,2089.81006,1.450000102,215.9,130.7480143,2998.540039,99.09
3394.046,13.39907144,21307.00073,24.79999959,45.24999992,129.860001,2089.719971,1.450000102,215.9,129.7282978,2998.290473,105.36
3395.015,13.3582826,21333.00019,24.31999936,46.29000099,130.039993,2089.879882,1.450000102,215.9,129.7588881,2999.03449,108.07
3396.054,13.29709934,21394.99969,24.69000072,45.70999921,130.009995,2090.120119,1.450000102,215.9,129.8302681,2999.830627,104.47
3397.148,13.18493093,21408.99963,25.20000114,44.81999967,129.929993,2089.879882,1.450000102,215.9,129.9424374,3000.666694,108.07
3398.063,13.307297,21377.99987,25.56999979,46.38000112,129.800003,2089.75,1.450000102,215.9,129.8200686,3001.364381,119.23
3399.002,13.38887377,21467.99927,25.56999979,46.3699988,130.059998,2089.870119,1.440000108,215.9,129.7384973,3002.078832,112.79
3400.001,13.40926774,21452.99988,25.72999986,45.74999994,130.160004,2089.939941,1.450000102,215.9,129.7078993,3004.020019,113.58
3401.001,13.42966261,21488.00049,24.78000128,47.00999833,130.009995,2089.929932,1.450000102,215.9,129.6977075,3004.770019,93.84
3402.001,13.63360545,21424.00055,25.87999943,48.56999979,129.839996,2089.929932,1.450000102,215.9,129.4937597,3005.570069,101.76
3403.001,11.81851113,21328.99933,24.13999962,25.04000092,129.919998,2089.739992,1.450000102,215.9,131.3088613,3006.330078,104.47
3404,10.91096307,19317.99927,24.47999944,25.37999923,129.979996,1947.050048,1.450000102,215.9,132.216408,3007.100098,108.07
3405.027,10.32972527,18375.99945,23.50999982,24.35000047,129.940002,1918.449951,1.450000102,215.9,132.7976381,3006.639859,88.73
3406.006,10.53366856,18367.99926,23.45999861,24.38999938,130.029999,1916.280028,1.450000102,215.9,132.5936979,3007.376256,100.05
3407,10.65603417,19480.0003,23.17,24.70000079,130,2002.849974,1.450000102,215.9,132.4713369,3009.419922,88.73
3408.1,11.01293517,21200.99945,23.63999972,23.82999979,130.070007,2089.820068,1.450000102,215.9,132.11443,3008.948414,78.89
3409.005,11.15569475,21203.99933,24.29000053,24.84,129.979996,2089.689941,1.450000102,215.9,131.9716704,3009.626594,94.87
3410.051,10.54386577,19689.99939,24.42000043,24.15999974,129.889999,1962.280029,1.450000102,215.9,132.5835062,3010.408406,94.87
3411.017,10.13597873,18732.00073,24.24999984,24.36000066,129.990005,1950.359986,1.450000102,215.9,132.9913864,3011.129868,83.74
3412.001,10.39090762,17669.99969,24.5800005,23.4200002,129.949997,1873.56006,1.450000102,215.9,132.7364575,3013.26001,99.09
3413.016,10.02381033,18702.99988,23.78000012,22.87000079,129.949997,1946.489989,1.450000102,215.9,133.1035562,3012.619121,94.87
3414.028,9.779078644,17686.00006,23.92999969,23.09000025,129.929993,1890.099975,1.450000102,215.9,133.3482933,3013.371062,93.84
3415.001,10.1563736,19592.99927,23.71999975,23.1200008,129.960007,2021.699952,1.450000102,215.9,132.9709879,3015.540039,93.84
3416,9.860655871,19411.99951,23.8999995,16.94000066,129.899994,1993.719969,1.450000102,215.9,133.2667143,3016.300049,86.22
3417,8.942911501,17911.99951,22.92999989,14.03999996,129.899994,1886.130005,1.450000102,215.9,134.1844527,3017.060059,99.09
3418,9.055079904,18369.00025,23.15999949,13.77999977,129.960007,1947.270019,1.450000102,215.9,134.0722834,3017.810059,83.74
3419,9.034685484,18991.00036,23.02000044,13.94999984,129.979996,1987.71997,1.450000102,215.9,134.0926819,3018.570068,88.73
3420.008,8.514630946,20852.00043,21.99999961,11.50000006,136.949997,2089.729979,1.450000102,215.9,135.2449662,3017.788834,86.22
3421.008,2.579881901,19077.99988,25.55999927,21.35000038,179.960007,1963.969969,1.450000102,215.9,146.2986861,3018.523097,97.44
3422.054,3.038754539,17935.00061,26.32000031,21.00000006,180.029999,1905.829955,1.450000102,215.9,146.3292764,3019.289364,102.69
3423.041,2.997965699,17947.99957,25.39000004,20.84000018,179.990005,1908.329955,1.450000102,215.9,146.3700584,3020.01235,96.45
3424.001,3.28348622,18082.00073,25.84000008,20.97999939,179.949997,1916.130005,1.450000102,215.9,146.0845393,3022.330078,87.34
3425.001,3.823935633,18347.00012,26.8099997,20.72999969,179.899994,1960.459961,1.450000102,215.9,145.533899,3023.080078,104.47
3426.04,3.630189548,20232.00073,25.23999912,24.15999974,180.070007,2066.850097,1.450000102,215.9,145.7276478,3022.199899,104.47
3427.001,4.333793868,20485.00061,27.04000066,40.50000008,179.899994,2066.989991,1.450000102,215.9,145.0240412,3024.610107,88.73
3428.061,4.527539952,20636.00006,26.21999925,47.40000152,180,2067.020021,1.450000102,215.9,144.8404842,3023.667511,100.05
3429,4.609117179,20722.00012,27.04000066,52.33000192,179.880005,2067.25,1.450000102,215.9,144.7487134,3026.080078,86.22
3430,5.088383785,20677.00043,28.83999948,50.90000163,179.860001,2067.080076,1.450000102,215.9,144.2796526,3026.810059,43.04
3431.054,5.282129869,20661.99951,28.67000024,51.52999884,179.639999,2067.30005,1.450000102,215.9,144.0859038,3025.832201,46.64
3432.03,5.251538692,20594.99969,28.14999932,50.86000059,179.070007,2067.030029,1.450000102,215.9,144.1063028,3026.53507,41.23
3433.075,5.373904306,20638.99994,28.93000003,50.8100015,179.699997,2067.770021,1.450000102,215.9,143.9941334,3027.287011,41.23
3434.026,4.935426541,20730.99975,26.48999955,50.15999996,180.009995,2067.629881,1.450000102,215.9,144.4326039,3027.969763,32.68
3435.002,5.047594944,20707.00073,28.48999914,49.38999926,179.220001,2067.320068,1.450000102,215.9,144.3102429,3030.530029,27.94
3436.001,6.444606827,20549.00055,30.46999907,47.93999861,169.979996,2067.090089,1.450000102,215.9,142.9234282,3031.26001,26.43
3437.001,4.527539952,20658.99964,24.81999926,12.8999995,178.440002,2067.129881,1.450000102,215.9,144.8302924,3031.98999,31.06
3438.001,5.955143012,20750.99945,28.62000039,47.15999986,179.699997,2067.729979,1.450000102,215.9,143.4128875,3031.219971,39.45
3439,5.220947062,20849.00055,27.12000069,46.49000161,180.009995,2067.159911,1.450000102,215.9,144.1470843,3031.899902,43.04
3440.037,5.261735449,20844.9997,27.55999887,45.97000123,179.990005,2067.080076,1.450000102,215.9,144.1063028,3032.259518,48.67
3441,5.904156961,20797.00012,28.25000038,46.52999868,179.770004,2067.68994,1.450000102,215.9,143.4536695,3033.290039,56.64
3442,5.55745318,20930.99976,28.72999926,44.84000003,179.970001,2067.010008,1.450000102,215.9,143.8003846,3033.969971,56.64
3443.021,5.65942528,20986.99951,27.62999975,51.20000072,179.940002,2066.93994,1.450000102,215.9,143.6984066,3034.373611,62.97
3444.063,5.475875953,20969.00025,27.20000073,47.81999976,179.949997,2066.909911,1.450000102,215.9,143.8921554,3035.110008,75.47
3445.002,5.62883365,21008.00018,28.22999936,47.36999883,179.940002,2066.96997,1.450000102,215.9,143.7289969,3035.772338,48.67
3446.002,6.648549668,20914.99939,28.35000009,46.13999946,179.919998,2066.899902,1.450000102,215.9,142.7194881,3036.476426,41.31
3447.001,6.577169197,20953.99933,28.65999973,46.20000087,180.020004,2067.060059,1.450000102,215.9,142.7908599,3037.389892,41.23
3448.001,5.853170911,20952.99988,29.99000019,47.36999883,179.910004,2067.070068,1.450000102,215.9,143.5046583,3038.070068,46.76
3449.077,6.250860289,20961.00006,28.07999979,46.72000125,179.899994,2067.070068,1.450000102,215.9,143.1171766,3038.637154,37.71
3450.001,6.240663079,21007.00073,28.19000002,46.86999882,179.990005,2067.060059,1.450000102,215.9,143.1273683,3039.439941,37.71
3451,5.455481533,21000,28.61000123,46.61999881,179.880005,2066.989991,1.450000102,215.9,143.9125539,3040.090088,48.67
3452,5.302524289,20932.00073,28.12999965,45.56999969,179.800003,2067.05005,1.450000102,215.9,144.055314,3040.76001,44.83
3453,5.394298726,20911.99951,27.25999974,43.93000043,180.050003,2067.080076,1.450000102,215.9,143.9635273,3041.429932,44.88
3454,5.384101969,20982.00073,27.05999897,44.43000045,180.029999,2067.080076,1.450000102,215.9,143.9737345,3042.090088,50.61
3455.027,5.180158222,20977.99988,26.42000002,43.93000043,179.979996,2066.879881,1.450000102,215.9,144.1878664,3042.790054,43.04
3456.03,5.853170911,20977.99988,27.37999912,43.45999914,180.039993,2066.840089,1.450000102,215.9,143.5046583,3043.486522,41.23
3457.042,6.006128155,20983.99963,27.37999912,46.11999879,180.020004,2066.959961,1.450000102,215.9,143.3618987,3044.188171,41.31
3458.035,5.445284776,20980.99976,27.10000102,45.04000095,180.080002,2066.899902,1.450000102,215.9,143.9125539,3044.876105,36
3459.001,5.863368121,20983.99963,26.75999984,44.43000045,179.970001,2066.929932,1.450000102,215.9,143.5046583,3045.399902,41.31
3460.001,4.864046524,20866.99982,20.80999956,10.31999978,146.789993,2068.83008,1.450000102,215.9,144.5855548,3046.050049,73.19
3461.001,1.968052018,21272.00012,22.30999925,16.37000089,180.059998,2089.31006,1.460000096,215.9,146.6759766,3046.699951,54.6
3462.001,2.467713497,21166.00037,24.63999951,30.39999975,180.009995,2089.419924,1.460000096,215.9,144.9832438,3047.360107,44.83
3463.049,2.916388472,21247.00012,25.27000066,36.7400016,180.050003,2089.409911,1.460000096,215.9,144.5345815,3048.333146,44.88
3464,3.069345716,21236.99951,25.95000031,40.77999881,180,2089.360107,1.460000096,215.9,144.3918219,3048.659912,41.23
3465,3.416049044,21192.99926,27.90999921,47.1399995,180.009995,2089.360107,1.460000096,215.9,144.0451068,3049.300049,41.31
3466,3.844330053,21194.9997,27.24000007,46.65999985,179.940002,2089.439941,1.460000096,215.9,143.6066363,3051.050049,48.67
3467.033,3.28348622,21208.00018,27.21999905,47.54000103,179.929993,2089.300047,1.460000096,215.9,144.1674833,3051.061716,52.27
3468.014,3.27328901,21186.00006,27.37999912,46.31000136,180.070007,2089.270018,1.460000096,215.9,144.1878664,3051.731362,74.18
3469.026,3.395655078,21205.00031,26.54000076,48.06999977,179.979996,2089.399903,1.460000096,215.9,144.0655053,3052.420819,92.33
3470.026,3.619992338,21238.00049,27.1299985,47.22999962,179.759995,2089.419924,1.460000096,215.9,143.8309749,3053.101133,67.35
3471.001,3.467035094,21233.00018,26.86000091,45.11000071,180.020004,2089.28003,1.460000096,215.9,143.9839263,3054.409912,54.6
3472.001,3.28348622,21232.00073,26.61000028,45.70999921,179.979996,2089.389894,1.460000096,215.9,144.1674833,3055.070068,43.04
3473.001,3.2630918,21261.00006,26.03000034,49.11999889,180.059998,2089.31006,1.450000102,215.9,144.1878664,3055.75,26.43
3474.001,4.160442204,21266.99982,26.74999933,40.97999942,180.149994,2089.459962,1.460000096,215.9,143.2905264,3056.399902,21.66
3475,4.170639414,21242.99926,27.41999982,45.45000084,179.880005,2089.419924,1.460000096,215.9,143.2803197,3057.080078,25.7
3476,3.660781179,21225,25.8099999,50.11000057,180.110001,2089.260009,1.460000096,215.9,143.7901774,3057.73999,37.71
3477,3.844330053,21232.00073,27.04000066,50.90999998,180.009995,2089.260009,1.460000096,215.9,143.6066363,3058.399902,34.66
3478,3.395655078,21247.99957,27.60000092,50.16999831,179.740005,2089.340089,1.460000096,215.9,144.055314,3059.050049,27.94
3479.14,3.528218355,21252.00043,27.53000004,49.88999928,180.029999,2089.330077,1.460000096,215.9,143.9227457,3059.254435,36.28
3480.042,3.487429515,21300,26.5800001,48.18999862,180,2089.350098,1.460000096,215.9,143.9635273,3059.858854,29.49
3481.014,3.426246254,21336.99951,25.24999963,47.8600005,179.970001,2089.340089,1.460000096,215.9,144.0247237,3060.509297,31.06
3482.035,3.609795128,21341.00037,25.86000111,49.15999993,180.059998,2089.370115,1.460000096,215.9,143.8411667,3061.191439,29.49
3483.001,3.660781179,21372.99958,27.12000069,48.66999827,180.050003,2089.370115,1.460000096,215.9,143.7901774,3062.330078,29.49
3484.001,3.548612321,21407.00073,25.76000005,50.95999907,180.089996,2089.360107,1.460000096,215.9,143.9023472,3063,22.1
3485.001,3.558809532,21375,27.25999974,50.77000047,179.820007,2089.379882,1.460000096,215.9,143.8921554,3063.639893,20.72
3486.001,3.803541666,21399.00055,27.48999934,48.00000001,180,2089.360107,1.460000096,215.9,143.6576251,3064.280029,28.55
3487,4.242019431,21397.99957,26.53000024,47.29000103,180.139999,2089.5,1.460000096,215.9,143.2089474,3064.949951,56.19
3488,5.475875953,21475,27.49999986,47.63999951,179.990005,2089.44995,1.450000102,215.9,141.9852912,3065.570068,34.66
3489,4.394976675,21486.99951,26.24000028,48.99000169,179.949997,2089.270018,1.460000096,215.9,143.0559806,3066.219971,33.09
3490.048,4.507145532,21497.00012,26.43000054,48.3499985,180.100006,2089.389894,1.460000096,215.9,142.9438113,3066.514162,28.55
3491.027,4.476553902,21500.99945,26.09000071,48.1100005,180.029999,2089.389894,1.460000096,215.9,142.974417,3067.160338,25.7
3492.002,4.588722759,21530.99976,27.65999993,48.38000118,179.910004,2089.399903,1.460000096,215.9,142.8622477,3067.803466,27.94
3493.008,4.231822221,21505.99975,25.61000048,29.04000105,179.979996,2089.459962,1.460000096,215.9,143.2191391,3068.466101,56.64
3494.017,5.220947062,21588.99994,26.63999911,45.99000159,180.100006,2089.330077,1.460000096,215.9,142.2300129,3069.12965,54.6
3495.001,7.188999533,21530.99976,26.8099997,31.77000047,179.850006,2089.320068,1.460000096,215.9,140.2619682,3070.060058,34.32
3496.001,7.087027433,21475,29.20000033,35.74999992,179.940002,2089.219971,1.460000096,215.9,140.3639303,3070.699951,39.6
3497.001,7.117619063,21502.00043,28.19000002,38.02000036,180.029999,2089.270018,1.460000096,215.9,140.3333405,3071.330078,34.66
3498.001,6.485395214,21513.00049,28.10999998,40.97999942,180.110001,2089.260009,1.460000096,215.9,140.9655748,3071.959961,36.28
3499.104,6.057114205,21497.00012,29.22999915,47.75,179.350006,2089.56006,1.460000096,215.9,141.3938539,3072.462334,68.74
3500,4.425568305,21405.0003,24.3500009,11.4300003,180.029999,2089.31006,1.460000096,215.9,143.0253903,3073.219971,73.19
3501,3.365063447,21335.00061,21.78000053,9.699999701,180,2089.540039,1.450000102,215.9,144.3204342,3073.860107,26.43
3502,3.181514573,21366.00036,25.93000064,32.25000012,179.960007,2090.19995,1.450000102,215.9,145.2279813,3074.47998,27.11
3503.155,3.25289459,21327.99988,26.54999991,37.38999949,180.050003,2089.989992,1.450000102,215.9,145.1464019,3075.099768,34.66
3504.03,3.191711783,21310.00061,26.67000065,42.54000087,180.029999,2090.040039,1.450000102,215.9,145.2075824,3075.66761,31.54
3505.029,3.416049044,21346.00067,26.43000054,41.9099997,180.110001,2089.929932,1.450000102,215.9,144.9832438,3076.315615,29.49
3506.032,3.334471817,21349.00055,26.78000087,43.54999926,180.139999,2090.06006,1.450000102,215.9,145.07503,3076.964534,34.66
3507.001,3.436443464,21335.00061,26.54000076,42.47999947,179.949997,2089.969971,1.450000102,215.9,144.973052,3077.590088,26.43
3508.001,3.375260657,21325.99945,26.21999925,41.88999933,180.029999,2090.070068,1.450000102,215.9,145.0240412,3078.209961,34.66
3509.001,3.2630918,21311.99951,26.94000095,42.88999936,180.050003,2089.860107,1.450000102,215.9,145.1362105,3078.830078,29.49
3510.001,3.29368343,21260.00061,26.28000097,41.93000037,179.949997,2090.070068,1.450000102,215.9,145.1056203,3079.439941,27.94
3511,3.426246254,21255.99976,25.45000041,40.40999995,179.960007,2089.969971,1.450000102,215.9,144.9832438,3080.060059,58.2
3512,3.670978389,21291.00037,26.59000061,40.36999891,179.940002,2090.110107,1.450000102,215.9,144.7283144,3080.679931,54.6
3513.043,3.201908993,21233.00018,26.62000079,40.72000136,179.949997,2090.03003,1.450000102,215.9,145.1973911,3081.477403,66.57
3514,3.823935633,21244.9997,26.27000046,40.68999868,180.110001,2089.689941,1.450000102,215.9,144.5753635,3082.699951,73.19
3515.039,3.97689333,21275,25.74999953,40.25999842,179.960007,2090.03003,1.450000102,215.9,144.4224122,3082.75482,83.74
3516.02,4.140047784,21332.00073,26.46999988,41.72999945,179.979996,2090.090089,1.450000102,215.9,144.2592541,3083.381489,74.18
3517.041,3.752555616,21267.99927,26.20999874,40.8899993,179.979996,2089.919924,1.450000102,215.9,144.6467513,3084.032237,16.78
3518.002,3.497626725,21161.99951,26.54000076,39.45000065,179.949997,2090.159911,1.450000102,215.9,144.9016801,3084.643666,16.78
3519.001,3.569006742,21172.99957,26.74999933,39.15000156,180.080002,2089.860107,1.450000102,215.9,144.8302924,3085.860107,17.92
3520.001,3.569006742,21153.99933,25.79999939,38.70999898,179.979996,2089.919924,1.450000102,215.9,144.8302924,3086.47998,21.66
3521.001,3.497626725,21139.99939,25.20000114,39.13999924,180.029999,2090.010009,1.450000102,215.9,144.9016801,3087.110108,14.32
3522.001,3.599598372,21152.99988,26.36000101,39.15999991,180.070007,2090.070068,1.450000102,215.9,144.7997022,3087.72998,16.78
3523,3.630189548,21136.99951,26.20000093,39.15000156,180.110001,2090.179932,1.450000102,215.9,144.7691119,3088.360108,16.78
3524,3.528218355,21119.9997,27.1299985,40.91999802,180,2090.19995,1.450000102,215.9,144.8710899,3088.979981,16.78
3525,3.650583969,21105.0003,27.25000059,40.79000082,179.899994,2090.100098,1.440000108,215.9,144.7487134,3089.610107,18.06
3526.024,3.599598372,21088.00049,27.1299985,38.3600005,180.029999,2089.760009,1.440000108,215.9,144.7997022,3089.732911,16.78
3527.03,3.497626725,21111.99951,26.99999996,40.18999866,179.919998,2090.070068,1.440000108,215.9,144.9118715,3090.370858,20.38
3528.036,3.630189548,21150,26.09000071,38.77000039,179.929993,2090.19995,1.440000108,215.9,144.7691119,3091.008499,19.14
3529.099,3.497626725,21164.99939,26.5800001,39.33000181,179.949997,2089.969971,1.440000108,215.9,144.9016801,3091.683022,19.14
3530.047,3.670978389,21163.99994,27.12000069,39.24000168,179.929993,2089.989992,1.429999994,215.9,144.7283144,3092.284087,17.92
3531.001,3.609795128,21175,26.56999958,39.34000016,179.960007,2090.189941,1.429999994,215.9,144.7895108,3093.320068,12
3532.001,3.650583969,21208.00018,26.46999988,38.66999825,180,2090.110107,1.429999994,215.9,144.7487134,3093.919922,14.32
3533.001,3.599598372,21247.00012,27.05999897,36.7400016,180.080002,2090,1.429999994,215.9,144.8098939,3094.540039,12
3534.001,3.650583969,21300,27.56999938,38.36999885,179.970001,2090.070068,1.429999994,215.9,144.7487134,3095.149902,15.54
3535,3.92590728,21338.00049,27.86000071,35.45999918,179.910004,2090.03003,1.440000108,215.9,144.4733855,3095.76001,16.78
3536,3.732161649,21392.99927,27.25999974,37.86999883,180.080002,2090.159911,1.429999994,215.9,144.6671343,3096.370117,21.66
3537,3.711767229,21413.99994,27.45000136,36.40000147,179.990005,2090.06006,1.440000108,215.9,144.6875328,3096.97998,19.14
3538,3.864724473,21433.00018,27.70999843,37.90000152,179.960007,2089.899903,1.440000108,215.9,144.5447733,3097.590088,20.72
3539.03,4.099258944,21389.99939,27.48999934,31.45999906,180,2089.959962,1.440000108,215.9,144.3000357,3098.189941,25.7
3540.1,4.017681717,21388.00049,27.06999948,37.59000011,179.820007,2089.939941,1.440000108,215.9,144.3816147,3098.659894,19.14
3541.014,3.375260657,21216.99982,24.5800005,19.04000104,179.979996,2089.870119,1.440000108,215.9,145.2687784,3099.239623,16.78
3542.005,3.772950036,21000.99945,27.59000041,43.52999889,179.960007,2089.389894,1.440000108,215.9,145.574681,3099.865682,16.74
3543.001,3.885118893,20991.99982,27.82000001,41.9700011,179.970001,2089.429932,1.440000108,215.9,145.4727185,3100.629883,13.14
3544.007,3.91571007,20977.00042,27.22999956,42.41999807,180,2089.580077,1.440000108,215.9,145.4421287,3101.135174,13.41
3545.001,5.292327079,20986.99951,27.67000045,38.88000118,180.009995,2089.580077,1.440000108,215.9,144.055314,3101.800049,12
3546.028,5.231144272,20953.99933,27.11000018,40.75999844,179.940002,2089.320068,1.440000108,215.9,144.1266858,3102.416554,13.14
3547,4.619314843,20913.99994,27.54999971,41.00000009,179.960007,2089.520021,1.440000108,215.9,144.7385216,3103,19.14
3548,4.568328793,20842.99927,28.87000102,43.00999821,179.979996,2089.459962,1.440000108,215.9,144.7895108,3103.590088,22.97
3549,4.507145532,20782.00073,28.44000064,42.93999875,180.029999,2089.439941,1.440000108,215.9,144.8506914,3104.199951,18.06
3550,4.476553902,20741.00036,28.06999928,42.43000038,180.050003,2089.399903,1.440000108,215.9,144.8812812,3104.790039,22.1
3551.033,4.445962725,20714.99939,28.10000082,40.79999917,180,2089.510009,1.440000108,215.9,144.9016801,3105.59135,22.1
3552.087,4.313399448,20647.99957,28.22999936,40.38999928,179.990005,2089.419924,1.440000108,215.9,145.0342325,3106.261301,25.7
3553.035,4.160442204,20600.99945,27.8099995,40.83000186,179.929993,2089.419924,1.440000108,215.9,145.1871993,3106.860842,21.66
3554.035,4.343991078,20569.9997,27.83000052,41.3100015,180,2089.379882,1.440000108,215.9,145.0138495,3107.495436,26.43
3555.001,4.445962725,20580.00031,27.27000026,40.77999881,179.979996,2089.340089,1.450000102,215.9,144.9016801,3107.75,30.03
3556.092,4.354188288,20528.99933,26.90999941,40.77999881,179.889999,2089.28003,1.450000102,215.9,145.0036423,3108.799675,20.72
3557.001,4.333793868,20503.99933,27.51000037,39.95000067,180,2089.370115,1.450000102,215.9,145.0240412,3108.909912,28.55
3558.001,4.119653364,20503.99933,27.03000014,40.66999831,180.089996,2089.28003,1.450000102,215.9,145.2381727,3109.48999,33.09
3559,4.231822221,20502.99988,28.13999881,39.3199998,179.860001,2089.260009,1.450000102,215.9,145.1260188,3110.090088,31.54
3560,4.425568305,20532.00073,28.3099994,38.70000063,179.979996,2089.290039,1.450000102,215.9,144.9220632,3110.659912,26.43
3561,4.313399448,20516.00036,28.02000078,39.15000156,179.919998,2089.370115,1.450000102,215.9,145.0342325,3111.23999,18.5
3562.036,4.303202238,20519.00024,28.15999983,34.20000079,180.080002,2089.31006,1.450000102,215.9,145.0444397,3112.568527,22.1
3563.014,3.28348622,18363.99994,27.03000014,15.41999994,179.990005,1952.900024,1.450000102,215.9,146.0641557,3113.188795,31.54
3564.008,3.069345716,17677.00043,25.72999986,15.02000054,179.940002,1919.469972,1.450000102,215.9,146.2884948,3113.818817,25.7
3565.014,3.803541666,17866.00036,25.90999961,15.39000031,180.009995,1913.410035,1.450000102,215.9,145.5440908,3114.456458,19.37
3566.02,3.742358406,18805.0003,25.8500006,14.60999974,180.020004,2003.709963,1.450000102,215.9,145.6154785,3115.0941,25.7
3567.035,3.446641128,20483.99964,25.76000005,21.06999982,179.940002,2089.290039,1.450000102,215.9,145.9009977,3115.738447,29.49
3568.001,4.038076137,20574.00055,26.77000036,33.40000137,180,2089.290039,1.450000102,215.9,145.3095604,3116.090088,31.06
3569.001,4.221625011,20653.99933,27.08,38.93999862,179.979996,2089.340089,1.450000102,215.9,145.1260188,3116.699951,22.1
3570.022,4.374582708,20680.00031,27.98999924,38.31999976,180.110001,2089.439941,1.450000102,215.9,144.973052,3117.631865,41.31
3571,3.98709054,20675,27.88999953,40.18999866,179.990005,2089.350098,1.450000102,215.9,145.3605492,3117.860107,32.68
3572,4.038076137,20714.99939,27.3099996,38.6599999,180.009995,2089.28003,1.450000102,215.9,145.3095604,3118.459961,32.68
3573,4.160442204,20744.9997,27.64999942,36.77999868,179.899994,2089.19995,1.450000102,215.9,145.1973911,3119.020019,36
3574.045,4.058470557,20778.99933,27.62000059,37.50999834,179.949997,2089.350098,1.450000102,215.9,145.2993686,3120.182126,32.68
3575.048,4.160442204,20822.99957,26.63999911,38.27999873,179.990005,2089.300047,1.450000102,215.9,145.1973911,3120.819768,39.6
3576.054,4.323596658,20866.99982,27.05999897,37.49000163,180.009995,2089.379882,1.450000102,215.9,145.0240412,3121.45741,37.71
3577.005,4.496948322,20877.99988,27.86000071,37.52000035,179.850006,2089.350098,1.450000102,215.9,144.8608827,3122.059694,36.28
3578.011,4.649906019,20900.99945,27.29000128,36.3800011,179.910004,2089.260009,1.450000102,215.9,144.6977246,3122.696726,39.6
3579.02,4.568328793,20910.00061,26.79000138,38.66999825,179.929993,2089.320068,1.450000102,215.9,144.7793036,3123.338026,41.31
3580.001,4.394976675,20886.99951,25.95000031,13.71000001,180,2089.330077,1.450000102,215.9,144.9628607,3123.100098,41.31
3581.001,3.793344456,20916.00036,21.97999994,5.739999696,162.919998,2089.389894,1.450000102,215.9,145.5848882,3123.709961,44.83
3582.01,3.426246254,20885.00061,26.52000109,26.95999922,179.899994,2089.629882,1.450000102,215.9,146.8799167,3123.316385,32.68
3583,3.92590728,20882.00074,27.62999975,31.6000004,180.020004,2089.469971,1.450000102,215.9,146.3700584,3124.830078,36
3584,3.456837884,20916.99982,27.49999986,36.11999908,179.929993,2089.489992,1.450000102,215.9,146.8391346,3125.429932,54.21
3585.03,4.252216641,20977.00042,27.21999905,49.84999855,179.710007,2089.459962,1.450000102,215.9,146.0437572,3125.092759,48.67
3586.121,5.118975415,20985.00061,28.95999886,53.95000081,180.139999,2089.44995,1.450000102,215.9,145.1769921,3125.666698,39.45
3587.039,4.588722759,20978.99933,27.95000126,50.09999856,179.940002,2089.459962,1.450000102,215.9,145.7072489,3126.273859,41.23
3588.051,4.619314843,20960.00061,27.40999931,47.43000024,180.059998,2089.419924,1.450000102,215.9,145.6868504,3126.869134,54.21
3589.02,7.127816273,20902.00043,27.48000019,37.3400001,180.039993,2089.469971,1.450000102,215.9,143.1681499,3127.438805,41.31
3590.001,6.577169197,20933.99964,29.75000008,40.75000008,179.910004,2089.459962,1.450000102,215.9,143.7188056,3128.169922,54.21
3591.001,5.506467583,20897.00012,27.70000063,42.9900018,179.860001,2089.489992,1.450000102,215.9,144.7997022,3128.729981,46.76
3592.001,5.700213667,20902.99988,27.79999898,47.77000037,180,2089.389894,1.450000102,215.9,144.6059538,3129.280029,52.27
3593.001,8.953108257,20930.99976,28.49999966,40.97000137,180.059998,2089.590089,1.450000102,215.9,141.3530565,3129.820068,48.48
3594,9.626120493,20883.00019,27.43000033,21.1900005,179.919998,2089.439941,1.450000102,215.9,140.6800556,3130.370117,37.71
3595,8.851137064,20780.99975,26.50000006,15.55000019,148.520004,2089.44995,1.450000102,215.9,141.4448427,3130.919922,50.36
3596,7.93339224,20841.99982,26.53000024,25.28000075,166.270004,2089.489992,1.450000102,215.9,142.3625812,3131.469971,39.45
3597,7.443928424,20864.99939,27.73999997,27.55999954,179.960007,2089.260009,1.450000102,215.9,142.8520405,3132,37.71
3598.009,7.668265685,20928.99933,25.88999994,18.88999951,179.929993,2089.300047,1.450000102,215.9,142.637909,3132.550049,41.23
3599.231,8.433053719,20852.99988,22.39999981,7.849999946,134.080002,2089.320068,1.450000102,215.9,141.8629147,3133.443365,32.68
3600.017,7.22978792,20824.00055,27.1299985,20.36000053,141.710007,2089.489992,1.450000102,215.9,143.0661878,3133.906051,33.09
3601.06,5.56765039,20997.00012,27.32000011,38.29000104,180.100006,2089.340089,1.450000102,215.9,144.7283144,3134.518699,34.66
3602.001,5.649227617,21017.99926,28.43000013,39.59000017,180,2089.320068,1.450000102,215.9,144.2694454,3134.719971,30.03
3603.001,5.282129869,21039.99939,28.79000098,40.56999984,179.979996,2089.350098,1.450000102,215.9,143.9839263,3135.25,27.11
3604.001,4.711088826,21002.99988,28.52000068,40.56999984,180.039993,2089.379882,1.450000102,215.9,144.5549646,3135.790039,15.54
3605.001,5.129172625,21022.99957,29.10000062,46.38000112,179.990005,2089.350098,1.450000102,215.9,144.136893,3136.330078,15.54
3606.698,5.435087113,21033.00018,29.47999978,49.38000121,180.100006,2089.290039,1.450000102,215.9,143.8309749,3137.834618,15.6
3607,5.526862003,21030.00031,28.79000098,48.86999888,180.020004,2089.219971,1.450000102,215.9,143.7392041,3137.399902,15.6
3608,5.516664339,21078.99933,28.81999981,48.70000064,179.990005,2089.370115,1.450000102,215.9,143.7493959,3137.909912,15.6
3609,5.149567045,21094.00024,28.43000013,46.59999844,180.179993,2089.379882,1.450000102,215.9,144.1164941,3138.429932,10.89
3610.045,4.425568305,21008.99963,27.75000048,31.76000028,180.080002,2089.31006,1.450000102,215.9,144.8404842,3139.802712,15.6
3611.03,4.83345444,21025,28.65999973,38.90000155,179.960007,2089.229979,1.450000102,215.9,144.4326039,3140.381832,15.6
3612.032,4.986412137,21035.00061,28.99999955,43.11000065,180.050003,2089.360107,1.450000102,215.9,144.2796526,3140.971315,15.6
3613.05,5.292327079,21083.99963,29.37000092,46.50999832,179.889999,2089.219971,1.450000102,215.9,143.9737345,3141.569638,15.6
3614.001,5.302524289,21107.00074,29.67000004,47.75,180.169998,2089.320068,1.450000102,215.9,143.9635273,3141.070068,15.6
3615.001,5.282129869,21105.0003,30.29999983,46.38000112,179.970001,2089.270018,1.450000102,215.9,143.9839263,3141.590088,16.74
3616.001,5.353510339,21133.00018,29.38999923,45.79999933,180,2089.270018,1.450000102,215.9,143.9125539,3142.110107,18.06
3617.001,5.904156961,21150,30.79999973,46.88000113,180.179993,2089.270018,1.450000102,215.9,143.3618987,3142.620117,19.14
3618,5.547256423,21161.99951,30.57999929,46.38999947,180.020004,2089.25,1.450000102,215.9,143.7188056,3143.139893,13.14
3619,5.58804481,21191.00036,30.12000144,45.77000031,180,2089.28003,1.450000102,215.9,143.6780081,3143.659912,14.49
3620,5.547256423,21219.99969,29.12000029,47.06000138,180.020004,2089.28003,1.450000102,215.9,143.7188056,3144.179932,16.74
3621,4.66010323,21083.99963,24.1699998,11.61999982,177.389999,2089.28003,1.450000102,215.9,144.6569426,3144.689941,13.14
3622.127,6.740324105,20975,26.69000032,51.75000013,130.009995,2089.78003,1.460000096,215.9,143.474068,3146.479661,10.89
3623.005,7.749842912,21128.99933,29.30999919,53.52000055,130.100006,2090,1.460000096,215.9,142.4645587,3146.986848,13.14
3624.023,8.025166677,21169.99969,29.52000048,53.41999811,129.899994,2089.969971,1.460000096,215.9,142.1892313,3147.574198,9.81
3625.038,9.493558577,21099.00055,26.47999903,17.12999927,129.910004,2089.830077,1.450000102,215.9,140.7208372,3148.160328,15.54
3626.011,7.729448946,21032.00073,24.37000057,13.60000044,91.949997,2089.81006,1.450000102,215.9,142.4849423,3148.722684,14.32
3627.001,6.383423567,21067.99927,23.3999996,18.20999894,65,2089.969971,1.460000096,215.9,143.5046583,3147.73999,60.83
3628.001,4.853849314,21138.00049,22.78000032,26.41999999,65,2089.929932,1.450000102,215.9,143.7595872,3148.25,62.97
3629.001,6.587366861,21185.00061,25.70000104,41.02000046,64.980003,2089.860107,1.460000096,215.9,142.0260728,3148.75,51
3630,6.465000794,21211.00006,29.02000058,44.49000155,127.349998,2089.790039,1.460000096,215.9,142.1484339,3149.25,32.68
3631.009,6.29164913,21269.99969,29.29000088,49.59000018,129.949997,2089.959962,1.460000096,215.9,142.3217992,3151.611274,30.03
3632,6.332437516,21357.00073,28.87999882,49.9799994,130.050003,2089.929932,1.460000096,215.9,142.2810022,3150.25,46.76
3633,6.689338508,21453.99933,27.53000004,43.38000102,130.070007,2089.94995,1.460000096,215.9,141.9240953,3150.75,56.64
3634.042,6.944267399,21430.99976,27.29999908,38.41999824,129.910004,2089.840089,1.460000096,215.9,141.6691659,3153.36235,48.67
3635.051,6.566972441,21344.9997,27.27000026,49.2400017,129.860001,2089.729979,1.460000096,215.9,142.0464718,3153.945432,48.48
3636.032,6.923872979,21341.99982,27.24000007,40.33000184,129.960007,2089.81006,1.460000096,215.9,141.6895649,3154.512055,43.05
3637.026,6.31204355,21088.00049,21.28000063,4.650000149,72.529999,2089.53003,1.460000096,215.9,142.3014007,3155.086603,39.45
3638.001,6.332437516,21197.00012,26.37999932,25.60000051,93.879997,2089.649903,1.460000096,215.9,142.2810022,3153.22998,37.71
3639.007,6.057114205,21380.99976,28.2600009,47.59000012,129.949997,2089.760009,1.460000096,215.9,142.5563295,3156.231432,41.23
3640.001,6.199874693,21447.99957,28.45000116,48.63999924,130,2089.81006,1.460000096,215.9,142.4237617,3154.209961,44.83
3641.001,6.29164913,21419.9997,28.70000043,49.20000066,129.869995,2089.840089,1.460000096,215.9,142.3319909,3154.689941,41.23
3642,6.108099802,21447.99957,28.10999998,48.56999979,130,2089.800047,1.460000096,215.9,142.5053408,3155.179932,46.76
3643,6.077508625,21475,28.01000027,48.61999887,130.070007,2089.659911,1.460000096,215.9,142.535931,3155.659912,43.04
3644,6.006128155,21411.99951,28.31999991,49.15000157,129.910004,2089.590089,1.460000096,215.9,142.6073188,3156.149902,43.04
3645,5.914354171,21421.00067,28.09000031,50.77000047,130.029999,2089.820068,1.460000096,215.9,142.6990891,3156.639893,39.45
3646.018,6.077508625,21413.00049,27.69000012,49.81999983,129.850006,2089.770021,1.460000096,215.9,142.535931,3160.28131,46.76
3647.084,6.332437516,21416.00036,28.20000053,48.06999977,129.789993,2089.760009,1.460000096,215.9,142.2810022,3160.897615,56.19
3648.063,6.342634726,21389.99939,28.04000045,50.74000175,130.020004,2090.040039,1.460000096,215.9,142.2810022,3161.463324,52.59
3649.041,6.383423567,21397.00012,27.99999976,48.86000053,130.119995,2089.770021,1.460000096,215.9,142.2300129,3162.027814,0
3650.001,6.51598639,21369.99969,28.2600009,48.709999,130.050003,2089.760009,1.460000096,215.9,142.0974605,3159.030029,36
3651.001,6.51598639,21353.99933,28.79999878,47.47000128,130.100006,2089.69995,1.460000096,215.9,142.0974605,3159.51001,39.6
3652.043,6.51598639,21353.99933,28.79999878,47.47000128,130.100006,2089.69995,1.460000096,215.9,142.0974605,3163.762126,37.92
3653.028,6.730126895,21339.99939,28.76999995,44.02999891,129.979996,2089.78003,1.460000096,215.9,141.8833132,3164.27297,41.23
3654,6.597563617,21349.00055,28.37000112,46.02999867,129.979996,2089.760009,1.460000096,215.9,142.0158815,3160.919922,43.05
3655,6.709732475,21325,28.81999981,41.65000164,129.779999,2089.800047,1.460000096,215.9,141.9037117,3161.389892,41.31
3656,5.944945348,20733.99963,26.96999977,24.10000047,129.940002,2031.829956,1.460000096,215.9,142.6684993,3161.860107,36
3657.061,5.057792608,18496.00067,25.50000026,14.02999978,129.880005,1922.560057,1.460000096,215.9,143.5556471,3166.661078,36
3658.024,5.139369835,19285.00061,25.27000066,13.80000014,129.949997,1992.060058,1.460000096,215.9,143.474068,3167.217948,20.72
3659.03,5.730804844,21219.99969,25.70999884,22.40999999,129.990005,2089.81006,1.460000096,215.9,142.8826307,3167.798897,19.37
3660.014,6.057114205,21255.00031,26.88999974,27.77000034,130.050003,2089.790039,1.460000096,215.9,142.5563295,3168.367654,22.1
3661.063,6.27125471,21241.99981,26.90999941,27.79999937,129.970001,2089.69995,1.460000096,215.9,142.3523894,3168.972377,27.94
3662.001,3.150922943,9781.999969,6.279999597,3.280000044,55.689999,1056.920043,1.460000096,215.9,119.6127148,3164.639893,26.43
3663.001,6.648549668,21236.00006,29.14999912,53.77000056,129.869995,2089.989992,1.460000096,215.9,142.913221,3165.110108,27.94
3664.001,7.056436256,21363.00049,30.41000005,52.70999913,129.820007,2089.790039,1.460000096,215.9,142.5053408,3170.591474,31.06
3665.001,6.740324105,20666.00037,29.49999945,52.74000181,130.100006,1995.869996,1.460000096,215.9,142.8214502,3166.020019,33.09
3666.113,6.28145192,18411.00006,30.18000045,54.52000059,129.979996,1924.400024,1.460000096,215.9,143.2803197,3171.808236,37.71
3667,6.210071903,19444.9997,29.31999971,52.72000114,129.839996,1960.43994,1.460000096,215.9,143.3517069,3166.929932,29.49
3668,6.087705382,18050,29.07999959,52.74999986,129.740005,1877.819947,1.460000096,215.9,143.474068,3167.389893,36
3669,6.465000794,19450,29.47999978,52.08000191,129.919998,1995.130005,1.460000096,215.9,143.096778,3167.840088,34.32
3670.085,6.322240306,18717.99927,29.34000073,54.77000059,130.089996,1930.75,1.460000096,215.9,143.2395376,3174.09515,36.275
3671.011,7.392942374,18614.99939,30.11000093,45.38000109,130.020004,1922.410033,1.460000096,215.9,142.1688324,3174.62855,52.588
3672.044,7.280773517,20125.99945,28.88999933,47.5600014,129.979996,2030.300048,1.460000096,215.9,142.2810022,3175.22413,39.597
3673.011,8.290292778,21439.99939,27.43000033,23.75000015,129.919998,2089.909911,1.460000096,215.9,141.2612857,3175.780694,32.675
3674.056,6.373226357,21413.99994,26.17999991,28.34000011,130.050003,2089.840089,1.460000096,215.9,143.1885489,3176.38176,48.482
3675.001,6.077508625,21541.99982,26.27000046,50.70999906,129.789993,2089.770021,1.450000102,215.9,143.4842752,3170.530029,74.178
3676.001,6.159085852,21600,26.8099997,50.95999907,129.979996,2089.790039,1.450000102,215.9,143.4026962,3170.969971,69.594
3677.052,6.49559197,21688.99994,27.36000081,51.43999872,130.100006,2089.78003,1.450000102,215.9,143.0661878,3178.107233,74.178
3678,6.51598639,21660.00061,27.82000001,49.79999916,129.770004,2089.989992,1.450000102,215.9,143.0457893,3171.850098,54.211
3679,6.434409163,21580.99976,27.56999938,50.29000082,130,2089.830077,1.460000096,215.9,143.1273683,3172.280029,60.24
3680,6.617958038,21597.99958,28.10000082,48.54000107,129.949997,2089.729979,1.460000096,215.9,142.9438113,3172.719971,46.758
3681.073,6.699535718,21636.00006,27.88999953,48.04000105,129.919998,2089.760009,1.460000096,215.9,142.8622477,3180.422189,46.758
3682.054,6.414014743,21652.00043,27.10000102,47.15000151,129.869995,2089.69995,1.460000096,215.9,143.1477668,3180.987898,46.638
3683.017,7.464322845,21633.99963,29.38999923,43.4199981,129.990005,2089.770021,1.460000096,215.9,142.0974605,3181.541719,24.952
3684.151,7.21959071,21625,28.62999955,42.59999862,130.029999,2089.879882,1.460000096,215.9,142.3421822,3182.195515,18.06
3685.002,7.280773517,21624.00055,29.15999963,42.16999806,129.940002,2089.939941,1.460000096,215.9,142.2810022,3174.879883,18.06
3686.001,7.076830676,21669.00024,28.41999962,41.63999932,129.979996,2089.939941,1.460000096,215.9,142.4849423,3175.330078,22.096
3687.001,7.117619063,21652.00043,29.02000058,40.5299988,130.039993,2089.840089,1.460000096,215.9,142.4441602,3175.76001,27.108
3688.001,7.209393954,21655.99976,29.12000029,41.34999858,129.919998,2089.850098,1.460000096,215.9,142.3421822,3176.179931,30.031
3689,7.25018234,21700.99945,29.84000063,41.11000058,129.839996,2089.75,1.460000096,215.9,142.3115924,3176.600098,34.664
3690,7.168605113,21694.9997,29.69000107,39.97999969,129.979996,2089.939941,1.460000096,215.9,142.3931715,3177.020019,22.096
3691,7.117619063,21708.99963,29.65999953,41.45999907,129.970001,2089.899903,1.460000096,215.9,142.4441602,3177.439941,22.096
3692,6.964661819,21700.99945,28.91000036,40.63000093,129.990005,2089.800047,1.460000096,215.9,142.5971116,3177.870117,23.508
3693.009,7.076830676,21688.99994,28.76999995,41.56000151,129.979996,2089.860107,1.460000096,215.9,142.4849423,3187.296038,26.431
3694.008,7.025844626,21733.00019,28.59000021,39.43000029,130.070007,2089.899903,1.460000096,215.9,142.535931,3187.871501,25.696
3695.057,6.995253449,21702.00043,28.72999926,37.70999895,129.979996,2089.760009,1.460000096,215.9,142.5665213,3188.476224,28.552
3696.005,7.036041836,21632.00073,28.65999973,36.15000146,129.940002,2089.969971,1.460000096,215.9,142.5257393,3188.881303,22.096
3697.001,7.036041836,21671.00067,27.88999953,40.2900008,130.009995,2089.870119,1.460000096,215.9,142.5257393,3179.959961,31.064
3698.032,6.985055786,21661.99951,29.21999864,36.43000019,129.940002,2089.850098,1.460000096,215.9,142.5767285,3190.189505,30.031
3699.001,6.995253449,21635.00061,29.31999971,44.04999928,129.839996,2089.790039,1.460000096,215.9,142.5563295,3180.780029,27.942
3700.001,7.127816273,21596.00067,29.26000069,39.27999876,129.970001,2089.639894,1.460000096,215.9,142.433953,3181.199951,26.431
3701,6.985055786,21663.00049,28.68999991,39.09999851,129.869995,2089.850098,1.460000096,215.9,142.5767285,3181.610107,39.597
3702,6.29164913,21685.00061,24.94,18.22999961,114.709999,2089.790039,1.460000096,215.9,143.3109099,3193.929932,56.188
3703,6.658746878,21419.9997,26.52000109,61.00999817,129.860001,2089.959962,1.460000096,215.9,143.8411667,3194.48999,56.64
3704,6.342634726,21394.00024,25.20999894,54.8499984,130.169998,2089.820068,1.460000096,215.9,144.1674833,3195.070068,44.828
3705.012,6.383423567,21389.99939,26.3099998,52.84000029,129.839996,2089.899903,1.460000096,215.9,144.1164941,3194.030899,46.758
3706.057,6.414014743,21400.99945,26.37999932,52.75999821,130,2090.020021,1.460000096,215.9,144.0960956,3194.628612,34.319
3707.042,6.536380811,21361.99951,26.32999947,53.54000092,129.979996,2089.81006,1.460000096,215.9,143.9737345,3195.190358,37.707
3708.044,6.363029147,21342.99927,25.69000052,51.97000111,129.970001,2089.75,1.469999971,215.9,144.136893,3195.764602,43.038
3709.053,6.363029147,21342.99927,25.69000052,51.97000111,129.970001,2089.75,1.469999971,215.9,144.136893,3196.340978,43.051
3710.001,6.546578021,21374.00055,26.33999998,53.49000153,130.169998,2089.840089,1.469999971,215.9,143.9635273,3198.350098,35.997
3711.001,6.51598639,21394.00024,25.77000056,51.27000048,130.029999,2090.179932,1.469999971,215.9,143.9839263,3198.939942,41.228
3712.053,6.617958038,21377.00042,26.44000105,51.9599991,129.860001,2090,1.469999971,215.9,143.8921554,3198.056393,37.707
3713,8.626799349,21171.00067,20.82000007,4.78999997,106.110001,2089.860107,1.460000096,215.9,141.8833132,3200.050049,35.997
3714,8.922517081,21200,21.56000008,4.310000016,100.010002,2089.649903,1.460000096,215.9,141.5773951,3200.620117,31.064
3715,7.872208979,21266.99982,21.9899991,3.250000104,97.190002,2089.570068,1.460000096,215.9,142.6073188,3201.189941,26.431
3716,6.301845886,21294.9997,20.82000007,2.609999962,103.190002,2089.69995,1.460000096,215.9,143.1171766,3201.75,26.431
3717.009,7.658068929,21297.00012,22.49000036,6.249999895,129.979996,2089.669924,1.450000102,215.9,141.7609521,3200.889204,31.064
3718.021,8.371870005,21247.00012,23.58999986,7.110000106,129.970001,2089.620119,1.460000096,215.9,140.7718264,3201.468324,32.675
3719.017,9.442572526,21066.99982,22.86000036,6.679999848,129.929993,2089.719971,1.460000096,215.9,139.5073728,3202.037995,35.997
3720.047,7.515308441,20841.00037,23.45000081,3.819999878,125.349998,2089.439941,1.460000096,215.9,141.4346355,3202.627174,39.451
3721.001,5.924550928,20766.99982,27.82000001,17.4699994,130.080002,2089.459962,1.460000096,215.9,143.015199,3204.590088,48.482
3722.004,7.494914021,20841.00037,27.62999975,22.18000034,129.990005,2089.629882,1.460000096,215.9,141.4448427,3203.746399,31.064
3723.001,7.505111685,20871.00067,29.03000109,39.8699989,130.029999,2089.659911,1.460000096,215.9,141.4448427,3205.75,25.696
3724.031,8.463644896,20899.00055,29.33000022,37.5299987,129.940002,2089.479979,1.460000096,215.9,140.4761001,3204.905249,28.552
3725.034,8.371870005,20825.99945,28.70999959,30.95000069,129.990005,2089.580077,1.460000096,215.9,140.5780776,3205.477054,16.782
3726,4.853849314,20877.99988,24.48999995,10.42000009,116.160004,2089.570068,1.460000096,215.9,144.0960956,3207.429932,33.086
3727,5.730804844,20897.00012,27.65999993,21.09000019,129.949997,2089.75,1.460000096,215.9,143.2191391,3208,29.486
3728.039,6.067311415,21028.99933,29.57000033,28.23999981,129.860001,2089.600098,1.460000096,215.9,142.8826307,3207.196735,73.194
3729.018,6.730126895,20985.00061,28.29000108,23.01000031,129.949997,2089.689941,1.460000096,215.9,142.2198216,3207.756348,54.597
3730.033,6.923872979,21021.00067,28.33999958,23.4599991,130.009995,2089.56006,1.460000096,215.9,142.0260728,3208.334858,54.211
3731.014,6.821901332,21125,29.70000023,27.94000041,130.020004,2089.610107,1.460000096,215.9,142.1280508,3208.896605,74.178
3732.008,7.036041836,21127.99988,28.56000002,31.19000051,130.020004,2089.31006,1.460000096,215.9,141.9037117,3209.464142,41.228
3733.001,7.525505651,21157.00073,28.78000047,26.03000077,130.039993,2089.629882,1.460000096,215.9,141.414237,3211.399902,52.268
3734.001,7.780434996,21222.99957,28.97999988,22.81999957,129.970001,2089.520021,1.460000096,215.9,141.1593077,3211.969971,50.611
3735.001,7.811026173,21180.99975,28.15999983,16.88999944,130.070007,2089.489992,1.460000096,215.9,141.1287179,3212.530029,65.143
3736.001,7.484717265,21257.00073,27.64999942,16.64999962,129.990005,2089.540039,1.460000096,215.9,141.4550345,3213.100098,139.546
3737.122,6.414014743,21322.99958,27.70999843,27.60000027,130.059998,2089.629882,1.460000096,215.9,142.5257393,3212.389308,133.367
3738,6.566972441,21305.00031,27.87999902,27.1800002,130,2089.550047,1.460000096,215.9,142.3727725,3214.229981,122.104
3739,6.852492962,21272.00012,27.87999902,25.12999922,130.029999,2089.580077,1.460000096,215.9,142.0974605,3214.810059,96.449
3740,7.117619063,21291.00037,28.67000024,23.87999918,129.869995,2089.590089,1.460000096,215.9,141.8221327,3215.370117,124.35
3741.024,6.607761281,21275,27.94000074,26.13999943,129.899994,2089.659911,1.450000102,215.9,142.3319909,3214.619834,165.815
3742.03,7.107421853,21272.00012,27.70000063,22.46999926,129.880005,2089.419924,1.460000096,215.9,141.8425316,3216.121279,133.367
3743.051,5.159763801,21085.00061,24.60000017,12.10999966,126.510002,2089.5,1.460000096,215.9,144.0247237,3215.778684,140.04
3744.011,6.454803584,21052.00043,28.96999937,36.97000124,130.039993,2089.25,1.460000096,215.9,143.4332864,3217.30055,122.104
3745.001,6.852492962,20955.0003,27.21999905,15.31999964,129.960007,2089.439941,1.460000096,215.9,143.0355975,3218.199951,73.194
3746.022,6.750521315,20883.00019,27.11000018,19.67000008,130.050003,2089.639894,1.460000096,215.9,143.1375596,3218.497805,93.841
3747.001,8.096546694,20814.99939,23.79000064,9.930000257,129.589996,2089.479979,1.460000096,215.9,143.4332864,3219.320068,66.567
3748.001,8.596208173,20839.99939,23.42999979,6.790000034,117.699997,2089.5,1.460000096,215.9,143.1171766,3221.419922,62.316
3749,7.831420139,20794.9997,21.29999894,6.949999918,99.989998,2089.540039,1.460000096,215.9,143.8819637,3222.040039,62.967
3750,9.809669821,20771.00067,28.37999892,19.87999905,99.910004,2089.270018,1.460000096,215.9,141.9037117,3222.639893,74.178
3751.021,9.697501417,20847.00012,28.8600005,23.40999971,99.949997,2088.959962,1.460000096,215.9,142.0260728,3221.473567,76.519
3752.036,8.861333367,20972.99957,27.98000009,31.95999907,99.910004,2089.209962,1.460000096,215.9,142.8520405,3222.077071,71.869
3753.002,9.748487468,20910.00061,30.87999977,28.75000001,99.989998,2089.139894,1.460000096,215.9,141.975084,3222.652838,76.519
3754.054,8.840939854,21011.00006,29.50999997,32.2999992,99.989998,2089.270018,1.460000096,215.9,142.8724394,3223.279202,76.519
3755.011,8.667587736,20996.00067,28.79999878,34.74999989,110.309998,2089.209962,1.460000096,215.9,143.0457893,3223.848874,54.211
3756.02,8.422856055,21019.9997,29.92000067,32.75999818,129.919998,2089.439941,1.460000096,215.9,143.2905264,3224.44811,71.869
3757.041,8.586010509,21072.00012,29.65999953,32.61000062,130.009995,2089.429932,1.460000096,215.9,143.1273683,3225.057406,78.894
3758.013,8.647192862,21080.00031,29.75000008,32.88999935,130.050003,2089.340089,1.460000096,215.9,143.0661878,3225.635306,66.567
3759.001,8.789953803,21003.99933,29.52000048,29.50000003,130.080002,2089.03003,1.460000096,215.9,142.9234282,3228.159912,83.744
3760.037,8.840939854,20942.99927,28.87000102,28.42000006,130.020004,2089.300047,1.460000096,215.9,142.8724394,3226.840181,88.726
3761,9.065277568,20980.00031,29.63999986,27.72999961,129.990005,2089.03003,1.460000096,215.9,142.6481004,3229.399902,60.24
3762.006,8.749164963,21033.00018,29.7199999,29.57999997,130.059998,2089.120115,1.460000096,215.9,142.9642098,3228.012442,78.894
3763,8.759362627,21052.00043,28.9900004,31.12000075,130.029999,2089.419924,1.460000096,215.9,142.9540185,3230.639893,48.668
3764,9.044882694,21055.0003,29.65999953,27.37000094,135.979996,2089.28003,1.460000096,215.9,142.6684993,3231.25,35.997
3765.042,9.799472611,21083.99963,29.03000109,22.93000037,119.389999,2089.379882,1.460000096,215.9,141.9139035,3230.076547,48.482
3766.02,9.677106544,21038.99994,28.45000116,16.98999975,100.029999,2089.300047,1.460000096,215.9,142.0362646,3230.402683,62.967
3767.008,7.821223383,21088.99994,28.02000078,23.77000052,123.379997,2089.219971,1.460000096,215.9,143.8921554,3230.988814,64.425
3768.09,8.993896644,21210.00061,29.67000004,27.77000034,129.910004,2089.340089,1.460000096,215.9,142.7194881,3231.63377,54.597
3769.001,9.942233098,21172.99957,29.11000113,26.05999949,129.979996,2088.929932,1.460000096,215.9,141.7711439,3234.360107,56.188
3770.001,9.177445972,21183.00018,29.67000004,28.79999909,129.899994,2089.179932,1.460000096,215.9,142.535931,3234.97998,46.758
3771.001,9.51395209,21169.99969,28.71999874,26.88999946,130.009995,2089.270018,1.460000096,215.9,142.1994227,3235.600098,52.588
3772.001,9.248825535,21172.99957,29.37000092,26.28000078,129.929993,2089.070068,1.460000096,215.9,142.4645587,3236.219971,66.567
3773,9.320206459,21150,29.28000036,19.92000009,118.879997,2088.929932,1.460000096,215.9,142.3931715,3236.840088,115.63
3774,8.331081618,21069.9997,25.1299989,12.00000008,106.830002,2089.16992,1.460000096,215.9,143.3822972,3237.459961,44.882
3775,9.493558577,21166.99982,27.32999927,24.88999939,114.949997,2089.129882,1.460000096,215.9,142.2198216,3238.100098,39.451
3776,9.422177653,21161.99951,29.05999992,24.19000059,129.830002,2088.959962,1.460000096,215.9,142.2911935,3238.719971,41.228
3777.03,9.942233098,21077.99988,29.7199999,21.62999911,130.029999,2088.840089,1.460000096,215.9,141.7711439,3236.955883,37.707
3778.002,9.891247048,21100,28.04999961,23.2099991,130.110001,2088.850098,1.460000096,215.9,141.8221327,3237.534394,33.086
3779.063,9.432374863,21152.99988,28.2600009,24.53000072,129.990005,2088.889894,1.460000096,215.9,142.2810022,3238.578943,56.188
3780.099,10.0544015,20997.00012,30.57999929,18.1299993,118.489998,2088.94995,1.460000096,215.9,141.6589746,3238.78133,65.143
3781.001,9.310009249,21102.00043,29.46999927,23.10000043,115.07,2089,1.460000096,215.9,142.4033628,3241.850098,44.882
3782.001,8.116941114,21089.99939,25.64999983,10.45999991,114.940002,2089.03003,1.460000096,215.9,143.5964445,3242.479981,54.211
3783.016,7.23998513,20994.00024,23.08999996,6.31000008,116.639999,2088.929932,1.460000096,215.9,144.5855548,3240.518081,56.64
3784.001,8.433053719,20952.00043,27.62999975,18.10000027,129.940002,2089.050047,1.460000096,215.9,144.2286638,3243.73999,56.64
3785,9.034685484,20825.99945,28.06000012,13.80000014,129.960007,2088.899903,1.460000096,215.9,143.6168276,3244.360107,56.64
3786,8.484038408,20855.99976,25.51999993,9.359999568,124.75,2089.050047,1.460000096,215.9,143.8717569,3244.98999,56.64
3787,8.586010509,20908.00018,25.54999876,9.079999925,128.589996,2089.070068,1.460000096,215.9,143.1273683,3245.620117,56.64
3788.018,8.249504391,20786.99951,27.69000012,13.08000005,126.150002,2088.739992,1.460000096,215.9,143.4638767,3244.00865,56.64
3789.999,6.403817987,21102.00043,23.47999964,23.39999953,130,2089.25,1.460000096,215.9,148.3789007,3247.52002,56.64
3790.036,6.403817987,21102.00043,23.47999964,23.39999953,130,2089.25,1.460000096,215.9,148.3789007,3245.233032,56.64
3791.038,5.506467583,21013.00049,24.27000086,7.489999752,130.050003,2089.189941,1.460000096,215.9,145.5135005,3245.840194,56.64
3792.008,5.292327079,21008.00018,24.65999918,7.67999988,129.949997,2088.929932,1.460000096,215.9,145.7276478,3246.429677,56.64
